time,open,high,low,close,volume
2017-11-29T17:00:00,9e-06,8.9e-05,9e-06,1.204e-05,71038580.0
2017-11-30T17:00:00,1.204e-05,1.265e-05,1.142e-05,1.22e-05,129545422.0
2017-12-01T17:00:00,1.206e-05,1.267e-05,1.193e-05,1.213e-05,97426260.0
2017-12-02T17:00:00,1.22e-05,1.225e-05,1.109e-05,1.181e-05,86817259.0
2017-12-03T17:00:00,1.18e-05,1.285e-05,1.112e-05,1.179e-05,99263904.0
2017-12-04T17:00:00,1.179e-05,1.25e-05,1.079e-05,1.103e-05,108923208.0
2017-12-05T17:00:00,1.103e-05,1.119e-05,8.5e-06,8.57e-06,117646510.0
2017-12-06T17:00:00,8.59e-06,1e-05,6.07e-06,6.11e-06,142334345.0
2017-12-07T17:00:00,6.11e-06,8.46e-06,5.7e-06,7.11e-06,163376487.0
2017-12-08T17:00:00,7.11e-06,9.72e-06,6.91e-06,8e-06,150862476.0
2017-12-09T17:00:00,7.98e-06,8.28e-06,6.86e-06,7.17e-06,128972223.0
2017-12-10T17:00:00,7.18e-06,7.49e-06,6.53e-06,7.31e-06,111365880.0
2017-12-11T17:00:00,7.31e-06,8.2e-06,6.75e-06,7.88e-06,136887292.0
2017-12-12T17:00:00,7.91e-06,8.5e-06,7.35e-06,8.18e-06,135352512.0
2017-12-13T17:00:00,8.18e-06,1.8e-05,8.09e-06,1.55e-05,341078004.0
2017-12-14T17:00:00,1.55e-05,1.555e-05,9.59e-06,1.214e-05,306085121.0
2017-12-15T17:00:00,1.214e-05,2.45e-05,1.145e-05,2.056e-05,487592229.0
2017-12-16T17:00:00,2.056e-05,3.09e-05,1.907e-05,2.542e-05,420405334.0
2017-12-17T17:00:00,2.542e-05,2.8e-05,2.35e-05,2.792e-05,189435631.0
2017-12-18T17:00:00,2.795e-05,3.431e-05,2.719e-05,2.997e-05,172486353.0
2017-12-19T17:00:00,2.997e-05,3.079e-05,2.419e-05,2.961e-05,135331051.0
2017-12-20T17:00:00,2.961e-05,3.1e-05,2.85e-05,3.047e-05,114225728.0
2017-12-21T17:00:00,3.047e-05,3.066e-05,2.471e-05,2.98e-05,102357450.0
2017-12-22T17:00:00,2.98e-05,3e-05,2.79e-05,2.843e-05,69140707.0
2017-12-23T17:00:00,2.843e-05,2.852e-05,2.7e-05,2.749e-05,54102342.0
2017-12-24T17:00:00,2.749e-05,3.165e-05,2.5e-05,2.962e-05,101362360.0
2017-12-25T17:00:00,2.962e-05,2.972e-05,2.52e-05,2.706e-05,71292303.0
2017-12-26T17:00:00,2.706e-05,2.782e-05,2.555e-05,2.657e-05,66380832.0
2017-12-27T17:00:00,2.657e-05,2.949e-05,2.561e-05,2.832e-05,64722346.0
2017-12-28T17:00:00,2.832e-05,3.985e-05,2.804e-05,3.679e-05,170182558.0
2017-12-29T17:00:00,3.678e-05,6.5e-05,3.53e-05,5.176e-05,382885203.0
2017-12-30T17:00:00,5.183e-05,5.949e-05,5.12e-05,5.19e-05,140384604.0
2017-12-31T17:00:00,5.19e-05,5.555e-05,5.101e-05,5.555e-05,65064544.0
2018-01-01T17:00:00,5.555e-05,5.948e-05,4.415e-05,5.332e-05,158958723.0
2018-01-02T17:00:00,5.335e-05,7.385e-05,5.332e-05,7.144e-05,269654463.0
2018-01-03T17:00:00,7.14e-05,8.788e-05,6.56e-05,7.59e-05,196188753.0
2018-01-04T17:00:00,7.59e-05,8.163e-05,5.17e-05,5.7e-05,190406152.0
2018-01-05T17:00:00,5.793e-05,6.44e-05,5.48e-05,5.888e-05,118612328.0
2018-01-06T17:00:00,5.895e-05,6.5e-05,5.862e-05,6.076e-05,92733599.0
2018-01-07T17:00:00,6.076e-05,6.163e-05,5.251e-05,5.887e-05,135899148.0
2018-01-08T17:00:00,5.887e-05,5.998e-05,5.312e-05,5.501e-05,95968585.0
2018-01-09T17:00:00,5.501e-05,5.599e-05,4.746e-05,5.3e-05,94925126.0
2018-01-10T17:00:00,5.3e-05,5.46e-05,4.412e-05,5.173e-05,102308999.0
2018-01-11T17:00:00,5.183e-05,6.86e-05,5.002e-05,6.535e-05,176536684.0
2018-01-12T17:00:00,6.535e-05,6.881e-05,5.584e-05,6.15e-05,146125233.0
2018-01-13T17:00:00,6.152e-05,6.272e-05,5.55e-05,5.812e-05,65367010.0
2018-01-14T17:00:00,5.823e-05,6.494e-05,5.698e-05,5.698e-05,100561698.0
2018-01-15T17:00:00,5.698e-05,5.787e-05,4.5e-05,5.436e-05,100386432.0
2018-01-16T17:00:00,5.449e-05,6e-05,4.589e-05,5.695e-05,102064989.0
2018-01-17T17:00:00,5.695e-05,5.986e-05,5.451e-05,5.786e-05,83303993.0
2018-01-18T17:00:00,5.788e-05,5.885e-05,5.54e-05,5.68e-05,49599623.0
2018-01-19T17:00:00,5.68e-05,5.77e-05,5.222e-05,5.531e-05,56057550.0
2018-01-20T17:00:00,5.531e-05,5.532e-05,5.162e-05,5.354e-05,37334144.0
2018-01-21T17:00:00,5.354e-05,5.38e-05,5.077e-05,5.244e-05,44895473.0
2018-01-22T17:00:00,5.244e-05,5.307e-05,5.1e-05,5.219e-05,35112899.0
2018-01-23T17:00:00,5.219e-05,5.7e-05,5.103e-05,5.527e-05,74618611.0
2018-01-24T17:00:00,5.527e-05,5.974e-05,5.2e-05,5.661e-05,66907168.0
2018-01-25T17:00:00,5.661e-05,5.84e-05,5.271e-05,5.597e-05,47918772.0
2018-01-26T17:00:00,5.597e-05,5.603e-05,5.412e-05,5.437e-05,22652076.0
2018-01-27T17:00:00,5.447e-05,5.506e-05,5.3e-05,5.404e-05,25161525.0
2018-01-28T17:00:00,5.4e-05,5.405e-05,5.2e-05,5.309e-05,27541916.0
2018-01-29T17:00:00,5.309e-05,5.312e-05,5e-05,5.067e-05,34580837.0
2018-01-30T17:00:00,5.056e-05,5.056e-05,4.759e-05,4.939e-05,43818794.0
2018-01-31T17:00:00,4.94e-05,5.076e-05,4.401e-05,4.531e-05,60172036.0
2018-02-01T17:00:00,4.531e-05,4.6e-05,3.6e-05,4.553e-05,129935887.0
2018-02-02T17:00:00,4.57e-05,5.39e-05,3.663e-05,4.991e-05,122111259.0
2018-02-03T17:00:00,4.984e-05,5.264e-05,4.565e-05,4.67e-05,66654730.0
2018-02-04T17:00:00,4.672e-05,4.739e-05,4.238e-05,4.549e-05,74822354.0
2018-02-05T17:00:00,4.549e-05,4.75e-05,4.239e-05,4.692e-05,94233372.0
2018-02-06T17:00:00,4.693e-05,4.693e-05,4.302e-05,4.368e-05,57976668.0
2018-02-07T17:00:00,4.375e-05,4.403e-05,4.303e-05,4.34e-05,937485.0
2018-02-08T17:00:00,4.34e-05,4.455e-05,4.1e-05,4.344e-05,48590186.0
2018-02-09T17:00:00,4.34e-05,4.815e-05,4.32e-05,4.48e-05,83079987.0
2018-02-10T17:00:00,4.479e-05,4.493e-05,4.308e-05,4.33e-05,33057567.0
2018-02-11T17:00:00,4.33e-05,4.338e-05,4.096e-05,4.151e-05,53052463.0
2018-02-12T17:00:00,4.155e-05,4.244e-05,4.035e-05,4.147e-05,57720973.0
2018-02-13T17:00:00,4.143e-05,4.218e-05,4.014e-05,4.107e-05,58107434.0
2018-02-14T17:00:00,4.107e-05,4.175e-05,3.788e-05,3.84e-05,59757849.0
2018-02-15T17:00:00,3.84e-05,3.915e-05,3.757e-05,3.853e-05,68695643.0
2018-02-16T17:00:00,3.853e-05,3.862e-05,3.614e-05,3.71e-05,87259733.0
2018-02-17T17:00:00,3.71e-05,3.715e-05,3.447e-05,3.49e-05,53373641.0
2018-02-18T17:00:00,3.49e-05,3.525e-05,3.351e-05,3.356e-05,51460704.0
2018-02-19T17:00:00,3.356e-05,3.363e-05,3.06e-05,3.095e-05,70862134.0
2018-02-20T17:00:00,3.095e-05,3.262e-05,3.034e-05,3.14e-05,72303861.0
2018-02-21T17:00:00,3.142e-05,3.219e-05,3.099e-05,3.172e-05,51770116.0
2018-02-22T17:00:00,3.176e-05,3.4e-05,3.101e-05,3.158e-05,65392997.0
2018-02-23T17:00:00,3.158e-05,3.2e-05,3.051e-05,3.101e-05,41868839.0
2018-02-24T17:00:00,3.101e-05,3.588e-05,3.091e-05,3.42e-05,111898876.0
2018-02-25T17:00:00,3.42e-05,3.424e-05,3.128e-05,3.139e-05,84154411.0
2018-02-26T17:00:00,3.139e-05,3.18e-05,3.021e-05,3.093e-05,55537814.0
2018-02-27T17:00:00,3.093e-05,3.099e-05,2.906e-05,2.925e-05,53533069.0
2018-02-28T17:00:00,2.927e-05,2.934e-05,2.59e-05,2.744e-05,103804657.0
2018-03-01T17:00:00,2.744e-05,2.747e-05,2.561e-05,2.626e-05,73939105.0
2018-03-02T17:00:00,2.626e-05,2.81e-05,2.485e-05,2.543e-05,83680805.0
2018-03-03T17:00:00,2.546e-05,2.686e-05,2.519e-05,2.578e-05,71695688.0
2018-03-04T17:00:00,2.578e-05,2.771e-05,2.5e-05,2.542e-05,119538539.0
2018-03-05T17:00:00,2.547e-05,2.658e-05,2.514e-05,2.585e-05,75331007.0
2018-03-06T17:00:00,2.585e-05,2.585e-05,2.275e-05,2.434e-05,110972646.0
2018-03-07T17:00:00,2.437e-05,2.478e-05,2.275e-05,2.276e-05,80430889.0
2018-03-08T17:00:00,2.28e-05,2.34e-05,2.178e-05,2.321e-05,97919815.0
2018-03-09T17:00:00,2.322e-05,2.363e-05,2.256e-05,2.291e-05,60128752.0
2018-03-10T17:00:00,2.292e-05,2.316e-05,2.219e-05,2.292e-05,43539970.0
2018-03-11T18:00:00,2.294e-05,2.492e-05,2.251e-05,2.381e-05,111469362.0
2018-03-12T18:00:00,2.381e-05,2.421e-05,2.312e-05,2.382e-05,94978615.0
2018-03-13T18:00:00,2.384e-05,2.485e-05,2.326e-05,2.348e-05,124763564.0
2018-03-14T18:00:00,2.348e-05,2.379e-05,2.159e-05,2.195e-05,119651490.0
2018-03-15T18:00:00,2.195e-05,2.201e-05,2.065e-05,2.116e-05,90658182.0
2018-03-16T18:00:00,2.114e-05,2.124e-05,1.912e-05,1.926e-05,102702892.0
2018-03-17T18:00:00,1.926e-05,1.968e-05,1.666e-05,1.883e-05,184336828.0
2018-03-18T18:00:00,1.88e-05,2.223e-05,1.874e-05,2.221e-05,213339389.0
2018-03-19T18:00:00,2.222e-05,2.318e-05,2.087e-05,2.26e-05,165813235.0
2018-03-20T18:00:00,2.26e-05,2.455e-05,2.23e-05,2.335e-05,169573908.0
2018-03-21T18:00:00,2.334e-05,2.397e-05,2.163e-05,2.281e-05,153037042.0
2018-03-22T18:00:00,2.281e-05,2.285e-05,2.062e-05,2.1e-05,130805466.0
2018-03-23T18:00:00,2.099e-05,2.28e-05,2.051e-05,2.161e-05,190474810.0
2018-03-24T18:00:00,2.161e-05,2.19e-05,2.092e-05,2.147e-05,123392883.0
2018-03-25T18:00:00,2.147e-05,2.16e-05,1.964e-05,2.016e-05,168754575.0
2018-03-26T18:00:00,2.017e-05,2.03e-05,1.887e-05,1.95e-05,134846723.0
2018-03-27T18:00:00,1.949e-05,2.02e-05,1.935e-05,1.979e-05,103069940.0
2018-03-28T18:00:00,1.979e-05,2.06e-05,1.906e-05,2.004e-05,124103945.0
2018-03-29T18:00:00,2.005e-05,2.101e-05,1.968e-05,2.085e-05,119080424.0
2018-03-30T18:00:00,2.084e-05,2.239e-05,2.05e-05,2.194e-05,142363521.0
2018-03-31T18:00:00,2.194e-05,2.246e-05,2.09e-05,2.161e-05,109614818.0
2018-04-01T18:00:00,2.161e-05,2.163e-05,2.094e-05,2.163e-05,105349732.0
2018-04-02T18:00:00,2.163e-05,2.314e-05,2.15e-05,2.288e-05,194156022.0
2018-04-03T18:00:00,2.289e-05,2.375e-05,2.181e-05,2.242e-05,193359560.0
2018-04-04T18:00:00,2.242e-05,2.243e-05,2.1e-05,2.163e-05,158981638.0
2018-04-05T18:00:00,2.165e-05,2.185e-05,2.113e-05,2.158e-05,89939256.0
2018-04-06T18:00:00,2.159e-05,2.164e-05,2.117e-05,2.134e-05,83053317.0
2018-04-07T18:00:00,2.135e-05,2.236e-05,2.128e-05,2.22e-05,98409550.0
2018-04-08T18:00:00,2.219e-05,2.317e-05,2.176e-05,2.234e-05,136817420.0
2018-04-09T18:00:00,2.233e-05,2.31e-05,2.18e-05,2.275e-05,101511723.0
2018-04-10T18:00:00,2.274e-05,2.47e-05,2.238e-05,2.398e-05,202881301.0
2018-04-11T18:00:00,2.401e-05,2.83e-05,2.382e-05,2.72e-05,621195261.0
2018-04-12T18:00:00,2.719e-05,2.764e-05,2.5e-05,2.547e-05,240740911.0
2018-04-13T18:00:00,2.547e-05,2.59e-05,2.491e-05,2.554e-05,91999790.0
2018-04-14T18:00:00,2.554e-05,2.744e-05,2.534e-05,2.708e-05,123268480.0
2018-04-15T18:00:00,2.707e-05,3.19e-05,2.633e-05,3.181e-05,492839596.0
2018-04-16T18:00:00,3.181e-05,3.421e-05,3.066e-05,3.077e-05,409693804.0
2018-04-17T18:00:00,3.076e-05,3.235e-05,3.046e-05,3.206e-05,141263924.0
2018-04-18T18:00:00,3.204e-05,3.34e-05,3.169e-05,3.256e-05,152019570.0
2018-04-19T18:00:00,3.263e-05,3.493e-05,3.226e-05,3.395e-05,195943119.0
2018-04-20T18:00:00,3.4e-05,3.475e-05,3.091e-05,3.219e-05,146733077.0
2018-04-21T18:00:00,3.219e-05,3.306e-05,3.143e-05,3.204e-05,81394762.0
2018-04-22T18:00:00,3.207e-05,3.23e-05,3.166e-05,3.218e-05,75426553.0
2018-04-23T18:00:00,3.217e-05,3.435e-05,3.166e-05,3.205e-05,196585939.0
2018-04-24T18:00:00,3.204e-05,3.228e-05,2.91e-05,3.026e-05,171250021.0
2018-04-25T18:00:00,3.03e-05,3.175e-05,2.955e-05,3.16e-05,117554148.0
2018-04-26T18:00:00,3.16e-05,3.286e-05,3.1e-05,3.187e-05,127842905.0
2018-04-27T18:00:00,3.184e-05,3.91e-05,3.171e-05,3.81e-05,398741555.0
2018-04-28T18:00:00,3.806e-05,4.113e-05,3.735e-05,3.847e-05,321369637.0
2018-04-29T18:00:00,3.843e-05,3.847e-05,3.605e-05,3.689e-05,166297977.0
2018-04-30T18:00:00,3.69e-05,3.987e-05,3.522e-05,3.913e-05,192780345.0
2018-05-01T18:00:00,3.913e-05,4.096e-05,3.819e-05,4.023e-05,165851303.0
2018-05-02T18:00:00,4.023e-05,4.19e-05,3.72e-05,3.76e-05,175760214.0
2018-05-03T18:00:00,3.76e-05,3.833e-05,3.615e-05,3.69e-05,100678226.0
2018-05-04T18:00:00,3.692e-05,3.771e-05,3.639e-05,3.706e-05,73149862.0
2018-05-05T18:00:00,3.705e-05,3.705e-05,3.5e-05,3.58e-05,72671917.0
2018-05-06T18:00:00,3.581e-05,3.589e-05,3.395e-05,3.531e-05,93166234.0
2018-05-07T18:00:00,3.534e-05,3.659e-05,3.468e-05,3.509e-05,88142409.0
2018-05-08T18:00:00,3.504e-05,3.527e-05,3.229e-05,3.42e-05,89409865.0
2018-05-09T18:00:00,3.419e-05,3.441e-05,3.23e-05,3.237e-05,74209145.0
2018-05-10T18:00:00,3.238e-05,3.28e-05,2.894e-05,3.043e-05,156058702.0
2018-05-11T18:00:00,3.043e-05,3.234e-05,2.86e-05,3.125e-05,109970308.0
2018-05-12T18:00:00,3.131e-05,3.266e-05,3.052e-05,3.198e-05,95904200.0
2018-05-13T18:00:00,3.197e-05,3.199e-05,3.018e-05,3.071e-05,76222785.0
2018-05-14T18:00:00,3.071e-05,3.14e-05,2.981e-05,2.999e-05,87078982.0
2018-05-15T18:00:00,2.998e-05,3.037e-05,2.92e-05,3.028e-05,89249702.0
2018-05-16T18:00:00,3.027e-05,3.088e-05,2.962e-05,2.969e-05,79874974.0
2018-05-17T18:00:00,2.971e-05,2.98e-05,2.896e-05,2.959e-05,78966492.0
2018-05-18T18:00:00,2.958e-05,2.97e-05,2.9e-05,2.932e-05,75001919.0
2018-05-19T18:00:00,2.932e-05,3.059e-05,2.912e-05,2.998e-05,117776537.0
2018-05-20T18:00:00,2.997e-05,3.049e-05,2.915e-05,2.93e-05,80495841.0
2018-05-21T18:00:00,2.93e-05,2.95e-05,2.733e-05,2.759e-05,79547902.0
2018-05-22T18:00:00,2.759e-05,2.782e-05,2.569e-05,2.642e-05,111124643.0
2018-05-23T18:00:00,2.642e-05,2.756e-05,2.59e-05,2.732e-05,81944563.0
2018-05-24T18:00:00,2.732e-05,2.75e-05,2.633e-05,2.655e-05,104601191.0
2018-05-25T18:00:00,2.654e-05,2.703e-05,2.634e-05,2.661e-05,88437412.0
2018-05-26T18:00:00,2.659e-05,2.669e-05,2.601e-05,2.613e-05,89910919.0
2018-05-27T18:00:00,2.614e-05,2.636e-05,2.416e-05,2.431e-05,142240397.0
2018-05-28T18:00:00,2.43e-05,2.777e-05,2.426e-05,2.707e-05,212866426.0
2018-05-29T18:00:00,2.702e-05,2.88e-05,2.481e-05,2.81e-05,218518366.0
2018-05-30T18:00:00,2.819e-05,3.019e-05,2.774e-05,2.982e-05,194720380.0
2018-05-31T18:00:00,2.981e-05,3.002e-05,2.879e-05,2.928e-05,129895018.0
2018-06-01T18:00:00,2.933e-05,3e-05,2.878e-05,2.965e-05,121161843.0
2018-06-02T18:00:00,2.964e-05,3.056e-05,2.905e-05,2.933e-05,122612878.0
2018-06-03T18:00:00,2.938e-05,2.98e-05,2.788e-05,2.829e-05,117014543.0
2018-06-04T18:00:00,2.832e-05,2.911e-05,2.737e-05,2.864e-05,112006878.0
2018-06-05T18:00:00,2.863e-05,2.882e-05,2.78e-05,2.803e-05,106342155.0
2018-06-06T18:00:00,2.804e-05,2.825e-05,2.715e-05,2.732e-05,89298360.0
2018-06-07T18:00:00,2.733e-05,2.737e-05,2.662e-05,2.686e-05,81780318.0
2018-06-08T18:00:00,2.686e-05,2.73e-05,2.652e-05,2.68e-05,73175036.0
2018-06-09T18:00:00,2.679e-05,2.69e-05,2.512e-05,2.562e-05,137096717.0
2018-06-10T18:00:00,2.564e-05,2.62e-05,2.471e-05,2.602e-05,108315357.0
2018-06-11T18:00:00,2.604e-05,2.63e-05,2.455e-05,2.496e-05,106626714.0
2018-06-12T18:00:00,2.496e-05,2.531e-05,2.336e-05,2.508e-05,132872088.0
2018-06-13T18:00:00,2.509e-05,2.696e-05,2.428e-05,2.572e-05,180547825.0
2018-06-14T18:00:00,2.574e-05,2.577e-05,2.495e-05,2.524e-05,92534310.0
2018-06-15T18:00:00,2.525e-05,2.543e-05,2.437e-05,2.497e-05,59180471.0
2018-06-16T18:00:00,2.498e-05,2.509e-05,2.471e-05,2.487e-05,53942055.0
2018-06-17T18:00:00,2.49e-05,2.502e-05,2.421e-05,2.443e-05,68175257.0
2018-06-18T18:00:00,2.443e-05,2.509e-05,2.411e-05,2.481e-05,52269912.0
2018-06-19T18:00:00,2.478e-05,2.483e-05,2.376e-05,2.39e-05,46926061.0
2018-06-20T18:00:00,2.392e-05,2.407e-05,2.334e-05,2.352e-05,48104476.0
2018-06-21T18:00:00,2.349e-05,2.356e-05,2.237e-05,2.285e-05,88893761.0
2018-06-22T18:00:00,2.283e-05,2.301e-05,2.2e-05,2.227e-05,37423617.0
2018-06-23T18:00:00,2.228e-05,2.249e-05,2.074e-05,2.132e-05,66409174.0
2018-06-24T18:00:00,2.132e-05,2.207e-05,2.08e-05,2.164e-05,56461449.0
2018-06-25T18:00:00,2.164e-05,2.17e-05,2.062e-05,2.063e-05,21759767.0
2018-06-26T18:00:00,2.063e-05,2.081e-05,2.039e-05,2.075e-05,33577318.0
2018-06-27T18:00:00,2.075e-05,2.092e-05,2.008e-05,2.019e-05,86967649.0
2018-06-28T18:00:00,2.019e-05,2.045e-05,1.935e-05,2.02e-05,118608221.0
2018-06-29T18:00:00,2.021e-05,2.165e-05,2.021e-05,2.16e-05,130651329.0
2018-06-30T18:00:00,2.16e-05,2.289e-05,2.094e-05,2.234e-05,135896561.0
2018-07-01T18:00:00,2.235e-05,2.399e-05,2.18e-05,2.333e-05,156449248.0
2018-07-02T18:00:00,2.336e-05,2.409e-05,2.28e-05,2.296e-05,139509927.0
2018-07-03T18:00:00,2.297e-05,2.379e-05,2.253e-05,2.295e-05,85419258.0
2018-07-04T18:00:00,2.297e-05,2.328e-05,2.208e-05,2.258e-05,101350037.0
2018-07-05T18:00:00,2.255e-05,2.258e-05,2.098e-05,2.197e-05,113766451.0
2018-07-06T18:00:00,2.197e-05,2.201e-05,2.102e-05,2.187e-05,84926837.0
2018-07-07T18:00:00,2.188e-05,2.212e-05,2.152e-05,2.159e-05,86495701.0
2018-07-08T18:00:00,2.158e-05,2.172e-05,2.085e-05,2.091e-05,83193618.0
2018-07-09T18:00:00,2.091e-05,2.093e-05,2.001e-05,2.033e-05,105013910.0
2018-07-10T18:00:00,2.033e-05,2.093e-05,1.983e-05,2.057e-05,106839575.0
2018-07-11T18:00:00,2.06e-05,2.062e-05,2.005e-05,2.037e-05,82016160.0
2018-07-12T18:00:00,2.037e-05,2.32e-05,2.015e-05,2.213e-05,204461419.0
2018-07-13T18:00:00,2.212e-05,2.234e-05,2.144e-05,2.185e-05,110669287.0
2018-07-14T18:00:00,2.185e-05,2.287e-05,2.154e-05,2.241e-05,90581383.0
2018-07-15T18:00:00,2.241e-05,2.363e-05,2.217e-05,2.331e-05,126243733.0
2018-07-16T18:00:00,2.331e-05,2.396e-05,2.249e-05,2.342e-05,145403952.0
2018-07-17T18:00:00,2.344e-05,2.61e-05,2.3e-05,2.446e-05,263266526.0
2018-07-18T18:00:00,2.446e-05,2.572e-05,2.361e-05,2.432e-05,178455896.0
2018-07-19T18:00:00,2.431e-05,2.46e-05,2.184e-05,2.199e-05,192114465.0
2018-07-20T18:00:00,2.199e-05,2.283e-05,2.13e-05,2.209e-05,124700946.0
2018-07-21T18:00:00,2.207e-05,2.374e-05,2.202e-05,2.289e-05,111710700.0
2018-07-22T18:00:00,2.289e-05,2.347e-05,2.124e-05,2.129e-05,129731185.0
2018-07-23T18:00:00,2.128e-05,2.186e-05,2.019e-05,2.064e-05,188993414.0
2018-07-24T18:00:00,2.066e-05,2.122e-05,2.039e-05,2.113e-05,133853607.0
2018-07-25T18:00:00,2.113e-05,2.131e-05,2.05e-05,2.069e-05,109084532.0
2018-07-26T18:00:00,2.068e-05,2.08e-05,1.985e-05,2.026e-05,115026038.0
2018-07-27T18:00:00,2.026e-05,2.03e-05,1.958e-05,1.994e-05,66815726.0
2018-07-28T18:00:00,1.993e-05,1.999e-05,1.957e-05,1.98e-05,65059776.0
2018-07-29T18:00:00,1.981e-05,1.986e-05,1.864e-05,1.875e-05,94086635.0
2018-07-30T18:00:00,1.875e-05,1.879e-05,1.759e-05,1.832e-05,123415019.0
2018-07-31T18:00:00,1.834e-05,1.888e-05,1.797e-05,1.838e-05,82585579.0
2018-08-01T18:00:00,1.838e-05,1.849e-05,1.713e-05,1.737e-05,90449673.0
2018-08-02T18:00:00,1.736e-05,1.789e-05,1.682e-05,1.744e-05,99067356.0
2018-08-03T18:00:00,1.746e-05,1.815e-05,1.74e-05,1.802e-05,77677454.0
2018-08-04T18:00:00,1.801e-05,1.861e-05,1.796e-05,1.855e-05,51681882.0
2018-08-05T18:00:00,1.856e-05,1.907e-05,1.833e-05,1.867e-05,74646953.0
2018-08-06T18:00:00,1.867e-05,1.875e-05,1.812e-05,1.842e-05,80702776.0
2018-08-07T18:00:00,1.841e-05,1.852e-05,1.75e-05,1.798e-05,110221993.0
2018-08-08T18:00:00,1.796e-05,1.927e-05,1.795e-05,1.871e-05,125530076.0
2018-08-09T18:00:00,1.87e-05,1.91e-05,1.831e-05,1.869e-05,113814839.0
2018-08-10T18:00:00,1.866e-05,1.871e-05,1.75e-05,1.765e-05,102149044.0
2018-08-11T18:00:00,1.764e-05,1.795e-05,1.748e-05,1.77e-05,65533056.0
2018-08-12T18:00:00,1.77e-05,1.781e-05,1.612e-05,1.613e-05,102207101.0
2018-08-13T18:00:00,1.615e-05,1.618e-05,1.42e-05,1.513e-05,144685549.0
2018-08-14T18:00:00,1.513e-05,1.607e-05,1.48e-05,1.495e-05,189920852.0
2018-08-15T18:00:00,1.497e-05,1.522e-05,1.462e-05,1.501e-05,124048743.0
2018-08-16T18:00:00,1.5e-05,1.675e-05,1.492e-05,1.671e-05,222247318.0
2018-08-17T18:00:00,1.675e-05,1.701e-05,1.509e-05,1.541e-05,212826086.0
2018-08-18T18:00:00,1.54e-05,1.603e-05,1.516e-05,1.565e-05,122761415.0
2018-08-19T18:00:00,1.565e-05,1.586e-05,1.466e-05,1.469e-05,129872529.0
2018-08-20T18:00:00,1.469e-05,1.483e-05,1.421e-05,1.462e-05,112047395.0
2018-08-21T18:00:00,1.459e-05,1.484e-05,1.381e-05,1.408e-05,127666208.0
2018-08-22T18:00:00,1.408e-05,1.45e-05,1.359e-05,1.413e-05,93389636.0
2018-08-23T18:00:00,1.414e-05,1.428e-05,1.393e-05,1.403e-05,98120486.0
2018-08-24T18:00:00,1.403e-05,1.408e-05,1.364e-05,1.397e-05,82269750.0
2018-08-25T18:00:00,1.399e-05,1.4e-05,1.368e-05,1.389e-05,80473468.0
2018-08-26T18:00:00,1.389e-05,1.488e-05,1.378e-05,1.457e-05,140697892.0
2018-08-27T18:00:00,1.456e-05,1.51e-05,1.444e-05,1.49e-05,181204316.0
2018-08-28T18:00:00,1.491e-05,1.537e-05,1.448e-05,1.499e-05,149063299.0
2018-08-29T18:00:00,1.5e-05,1.524e-05,1.41e-05,1.443e-05,97928229.0
2018-08-30T18:00:00,1.444e-05,1.461e-05,1.418e-05,1.451e-05,64510348.0
2018-08-31T18:00:00,1.449e-05,1.521e-05,1.442e-05,1.487e-05,95451099.0
2018-09-01T18:00:00,1.487e-05,1.488e-05,1.421e-05,1.437e-05,100577268.0
2018-09-02T18:00:00,1.437e-05,1.456e-05,1.412e-05,1.426e-05,89386643.0
2018-09-03T18:00:00,1.426e-05,1.45e-05,1.422e-05,1.43e-05,105610677.0
2018-09-04T18:00:00,1.43e-05,1.44e-05,1.272e-05,1.286e-05,220832230.0
2018-09-05T18:00:00,1.286e-05,1.361e-05,1.277e-05,1.358e-05,167353470.0
2018-09-06T18:00:00,1.358e-05,1.367e-05,1.289e-05,1.295e-05,106006492.0
2018-09-07T18:00:00,1.294e-05,1.308e-05,1.239e-05,1.255e-05,85451799.0
2018-09-08T18:00:00,1.254e-05,1.264e-05,1.201e-05,1.216e-05,119028949.0
2018-09-09T18:00:00,1.215e-05,1.234e-05,1.14e-05,1.164e-05,140969247.0
2018-09-10T18:00:00,1.164e-05,1.174e-05,1.062e-05,1.113e-05,135238005.0
2018-09-11T18:00:00,1.114e-05,1.118e-05,9.69e-06,1.046e-05,242988139.0
2018-09-12T18:00:00,1.046e-05,1.093e-05,1.02e-05,1.07e-05,227149368.0
2018-09-13T18:00:00,1.072e-05,1.08e-05,1.016e-05,1.043e-05,160515073.0
2018-09-14T18:00:00,1.042e-05,1.077e-05,1.04e-05,1.056e-05,90471731.0
2018-09-15T18:00:00,1.057e-05,1.078e-05,1.026e-05,1.075e-05,96655580.0
2018-09-16T18:00:00,1.075e-05,1.08e-05,1e-05,1.016e-05,135630448.0
2018-09-17T18:00:00,1.015e-05,1.105e-05,9.93e-06,1.088e-05,190202129.0
2018-09-18T18:00:00,1.089e-05,1.173e-05,1.072e-05,1.129e-05,275089319.0
2018-09-19T18:00:00,1.128e-05,1.281e-05,1.114e-05,1.245e-05,248555345.0
2018-09-20T18:00:00,1.245e-05,1.339e-05,1.207e-05,1.297e-05,439041139.0
2018-09-21T18:00:00,1.297e-05,1.305e-05,1.197e-05,1.24e-05,191194531.0
2018-09-22T18:00:00,1.24e-05,1.389e-05,1.228e-05,1.339e-05,275433594.0
2018-09-23T18:00:00,1.338e-05,1.367e-05,1.239e-05,1.253e-05,176986900.0
2018-09-24T18:00:00,1.253e-05,1.285e-05,1.162e-05,1.258e-05,174170374.0
2018-09-25T18:00:00,1.259e-05,1.27e-05,1.19e-05,1.224e-05,136238813.0
2018-09-26T18:00:00,1.223e-05,1.325e-05,1.208e-05,1.29e-05,219628421.0
2018-09-27T18:00:00,1.29e-05,1.305e-05,1.222e-05,1.265e-05,192535665.0
2018-09-28T18:00:00,1.265e-05,1.318e-05,1.248e-05,1.281e-05,111540626.0
2018-09-29T18:00:00,1.281e-05,1.31e-05,1.262e-05,1.284e-05,102191592.0
2018-09-30T18:00:00,1.285e-05,1.293e-05,1.257e-05,1.28e-05,103461612.0
2018-10-01T18:00:00,1.279e-05,1.289e-05,1.254e-05,1.259e-05,101815203.0
2018-10-02T18:00:00,1.261e-05,1.261e-05,1.212e-05,1.241e-05,85434598.0
2018-10-03T18:00:00,1.241e-05,1.256e-05,1.225e-05,1.238e-05,74012031.0
2018-10-04T18:00:00,1.238e-05,1.27e-05,1.226e-05,1.257e-05,78752426.0
2018-10-05T18:00:00,1.256e-05,1.268e-05,1.229e-05,1.237e-05,66796542.0
2018-10-06T18:00:00,1.236e-05,1.292e-05,1.23e-05,1.282e-05,71344998.0
2018-10-07T18:00:00,1.281e-05,1.33e-05,1.266e-05,1.304e-05,163442119.0
2018-10-08T18:00:00,1.303e-05,1.319e-05,1.28e-05,1.301e-05,78485060.0
2018-10-09T18:00:00,1.301e-05,1.309e-05,1.275e-05,1.288e-05,86019245.0
2018-10-10T18:00:00,1.287e-05,1.291e-05,1.115e-05,1.133e-05,206642286.0
2018-10-11T18:00:00,1.133e-05,1.207e-05,1.116e-05,1.163e-05,100004315.0
2018-10-12T18:00:00,1.163e-05,1.196e-05,1.152e-05,1.164e-05,62546347.0
2018-10-13T18:00:00,1.164e-05,1.169e-05,1.12e-05,1.128e-05,76768459.0
2018-10-14T18:00:00,1.13e-05,1.171e-05,1.096e-05,1.135e-05,157752226.0
2018-10-15T18:00:00,1.135e-05,1.169e-05,1.127e-05,1.151e-05,67248736.0
2018-10-16T18:00:00,1.151e-05,1.21e-05,1.149e-05,1.188e-05,109559507.0
2018-10-17T18:00:00,1.188e-05,1.194e-05,1.132e-05,1.158e-05,85025517.0
2018-10-18T18:00:00,1.158e-05,1.184e-05,1.15e-05,1.177e-05,45894197.0
2018-10-19T18:00:00,1.177e-05,1.194e-05,1.165e-05,1.178e-05,47288170.0
2018-10-20T18:00:00,1.179e-05,1.193e-05,1.166e-05,1.171e-05,34400957.0
2018-10-21T18:00:00,1.171e-05,1.182e-05,1.161e-05,1.175e-05,44913872.0
2018-10-22T18:00:00,1.175e-05,1.177e-05,1.123e-05,1.159e-05,79106692.0
2018-10-23T18:00:00,1.158e-05,1.169e-05,1.142e-05,1.148e-05,50961643.0
2018-10-24T18:00:00,1.147e-05,1.153e-05,1.125e-05,1.146e-05,42614603.0
2018-10-25T18:00:00,1.147e-05,1.151e-05,1.125e-05,1.144e-05,50249220.0
2018-10-26T18:00:00,1.144e-05,1.144e-05,1.125e-05,1.13e-05,37243160.0
2018-10-27T18:00:00,1.13e-05,1.136e-05,1.115e-05,1.134e-05,35251349.0
2018-10-28T18:00:00,1.135e-05,1.135e-05,1.087e-05,1.107e-05,67883713.0
2018-10-29T18:00:00,1.106e-05,1.11e-05,1.096e-05,1.106e-05,43206345.0
2018-10-30T18:00:00,1.106e-05,1.11e-05,1.082e-05,1.108e-05,59618301.0
2018-10-31T18:00:00,1.108e-05,1.118e-05,1.093e-05,1.111e-05,41723243.0
2018-11-01T18:00:00,1.111e-05,1.148e-05,1.106e-05,1.136e-05,75669409.0
2018-11-02T18:00:00,1.137e-05,1.14e-05,1.112e-05,1.124e-05,50685521.0
2018-11-03T18:00:00,1.124e-05,1.211e-05,1.115e-05,1.192e-05,227000601.0
2018-11-04T17:00:00,1.192e-05,1.227e-05,1.158e-05,1.187e-05,138338540.0
2018-11-05T17:00:00,1.187e-05,1.254e-05,1.183e-05,1.253e-05,185708858.0
2018-11-06T17:00:00,1.253e-05,1.254e-05,1.194e-05,1.201e-05,120142534.0
2018-11-07T17:00:00,1.202e-05,1.223e-05,1.176e-05,1.186e-05,108736946.0
2018-11-08T17:00:00,1.186e-05,1.206e-05,1.154e-05,1.162e-05,95816834.0
2018-11-09T17:00:00,1.163e-05,1.187e-05,1.156e-05,1.174e-05,56222544.0
2018-11-10T17:00:00,1.174e-05,1.211e-05,1.163e-05,1.194e-05,87402621.0
2018-11-11T17:00:00,1.194e-05,1.205e-05,1.172e-05,1.192e-05,79344369.0
2018-11-12T17:00:00,1.192e-05,1.193e-05,1.145e-05,1.154e-05,91916554.0
2018-11-13T17:00:00,1.155e-05,1.158e-05,1.053e-05,1.124e-05,168570069.0
2018-11-14T17:00:00,1.124e-05,1.131e-05,1.072e-05,1.118e-05,179145643.0
2018-11-15T17:00:00,1.118e-05,1.129e-05,1.083e-05,1.089e-05,92581952.0
2018-11-16T17:00:00,1.088e-05,1.095e-05,1.052e-05,1.086e-05,62136787.0
2018-11-17T17:00:00,1.087e-05,1.114e-05,1.086e-05,1.101e-05,68117797.0
2018-11-18T17:00:00,1.102e-05,1.103e-05,1.007e-05,1.071e-05,189091579.0
2018-11-19T17:00:00,1.071e-05,1.077e-05,9.66e-06,1.005e-05,246603279.0
2018-11-20T17:00:00,1.004e-05,1.043e-05,9.8e-06,1.038e-05,115426203.0
2018-11-21T17:00:00,1.038e-05,1.048e-05,1.006e-05,1.012e-05,59461268.0
2018-11-22T17:00:00,1.009e-05,1.015e-05,9.81e-06,9.93e-06,80301407.0
2018-11-23T17:00:00,9.91e-06,1.005e-05,9.41e-06,9.9e-06,100881983.0
2018-11-24T17:00:00,9.92e-06,9.98e-06,9.04e-06,9.39e-06,178956707.0
2018-11-25T17:00:00,9.38e-06,9.62e-06,9.22e-06,9.46e-06,126157061.0
2018-11-26T17:00:00,9.46e-06,9.65e-06,9.25e-06,9.53e-06,90412571.0
2018-11-27T17:00:00,9.53e-06,1.012e-05,9.2e-06,9.89e-06,218730104.0
2018-11-28T17:00:00,9.89e-06,1.012e-05,9.57e-06,9.77e-06,135852863.0
2018-11-29T17:00:00,9.76e-06,9.85e-06,9.4e-06,9.67e-06,110606443.0
2018-11-30T17:00:00,9.67e-06,9.95e-06,9.57e-06,9.87e-06,90350502.0
2018-12-01T17:00:00,9.87e-06,1.017e-05,9.8e-06,1.006e-05,95108703.0
2018-12-02T17:00:00,1.006e-05,1.015e-05,9.82e-06,9.91e-06,93684565.0
2018-12-03T17:00:00,9.9e-06,9.98e-06,9.46e-06,9.49e-06,131702099.0
2018-12-04T17:00:00,9.49e-06,9.6e-06,9.04e-06,9.14e-06,144579941.0
2018-12-05T17:00:00,9.13e-06,9.18e-06,8.62e-06,8.75e-06,165913404.0
2018-12-06T17:00:00,8.77e-06,8.87e-06,8.31e-06,8.74e-06,199427088.0
2018-12-07T17:00:00,8.73e-06,9.18e-06,8.53e-06,8.86e-06,111414273.0
2018-12-08T17:00:00,8.87e-06,9.01e-06,8.7e-06,8.77e-06,89489829.0
2018-12-09T17:00:00,8.77e-06,8.84e-06,8.61e-06,8.66e-06,61438814.0
2018-12-10T17:00:00,8.67e-06,8.73e-06,8.55e-06,8.68e-06,51015214.0
2018-12-11T17:00:00,8.68e-06,8.92e-06,8.61e-06,8.8e-06,81034220.0
2018-12-12T17:00:00,8.81e-06,8.95e-06,8.72e-06,8.82e-06,69297109.0
2018-12-13T17:00:00,8.81e-06,8.9e-06,8.67e-06,8.78e-06,60492959.0
2018-12-14T17:00:00,8.78e-06,8.84e-06,8.65e-06,8.75e-06,55133149.0
2018-12-15T17:00:00,8.75e-06,9.07e-06,8.73e-06,8.98e-06,74267475.0
2018-12-16T17:00:00,8.99e-06,9.43e-06,8.92e-06,9.24e-06,129500384.0
2018-12-17T17:00:00,9.25e-06,9.48e-06,9.1e-06,9.4e-06,123331104.0
2018-12-18T17:00:00,9.4e-06,9.8e-06,9.16e-06,9.19e-06,198652090.0
2018-12-19T17:00:00,9.2e-06,9.67e-06,9.13e-06,9.56e-06,160303934.0
2018-12-20T17:00:00,9.56e-06,1.108e-05,9.47e-06,1.05e-05,343676501.0
2018-12-21T17:00:00,1.049e-05,1.066e-05,1.002e-05,1.05e-05,114338650.0
2018-12-22T17:00:00,1.05e-05,1.131e-05,1.046e-05,1.112e-05,163945750.0
2018-12-23T17:00:00,1.111e-05,1.174e-05,1.09e-05,1.123e-05,239081284.0
2018-12-24T17:00:00,1.123e-05,1.126e-05,1.036e-05,1.096e-05,149774402.0
2018-12-25T17:00:00,1.098e-05,1.117e-05,1.038e-05,1.074e-05,133916061.0
2018-12-26T17:00:00,1.074e-05,1.082e-05,1.002e-05,1.012e-05,104491726.0
2018-12-27T17:00:00,1.013e-05,1.09e-05,9.96e-06,1.07e-05,125378698.0
2018-12-28T17:00:00,1.07e-05,1.138e-05,1.058e-05,1.096e-05,154378939.0
2018-12-29T17:00:00,1.097e-05,1.135e-05,1.075e-05,1.118e-05,140383022.0
2018-12-30T17:00:00,1.119e-05,1.128e-05,1.082e-05,1.095e-05,92082880.0
2018-12-31T17:00:00,1.095e-05,1.121e-05,1.078e-05,1.106e-05,53723428.0
2019-01-01T17:00:00,1.105e-05,1.163e-05,1.1e-05,1.15e-05,109245697.0
2019-01-02T17:00:00,1.149e-05,1.155e-05,1.111e-05,1.115e-05,93499550.0
2019-01-03T17:00:00,1.116e-05,1.147e-05,1.113e-05,1.137e-05,66151300.0
2019-01-04T17:00:00,1.137e-05,1.181e-05,1.123e-05,1.167e-05,122594547.0
2019-01-05T17:00:00,1.167e-05,1.249e-05,1.164e-05,1.209e-05,239255517.0
2019-01-06T17:00:00,1.208e-05,1.25e-05,1.183e-05,1.196e-05,147516802.0
2019-01-07T17:00:00,1.196e-05,1.223e-05,1.167e-05,1.208e-05,123683686.0
2019-01-08T17:00:00,1.208e-05,1.314e-05,1.207e-05,1.299e-05,214352239.0
2019-01-09T17:00:00,1.298e-05,1.354e-05,1.164e-05,1.217e-05,335400074.0
2019-01-10T17:00:00,1.217e-05,1.23e-05,1.173e-05,1.203e-05,141821852.0
2019-01-11T17:00:00,1.203e-05,1.213e-05,1.179e-05,1.196e-05,71638205.0
2019-01-12T17:00:00,1.197e-05,1.204e-05,1.122e-05,1.135e-05,99119187.0
2019-01-13T17:00:00,1.135e-05,1.205e-05,1.133e-05,1.197e-05,112466282.0
2019-01-14T17:00:00,1.197e-05,1.206e-05,1.158e-05,1.183e-05,109884627.0
2019-01-15T17:00:00,1.183e-05,1.236e-05,1.175e-05,1.231e-05,127323512.0
2019-01-16T17:00:00,1.231e-05,1.275e-05,1.207e-05,1.238e-05,139844648.0
2019-01-17T17:00:00,1.237e-05,1.238e-05,1.21e-05,1.216e-05,65468685.0
2019-01-18T17:00:00,1.216e-05,1.245e-05,1.202e-05,1.231e-05,88727747.0
2019-01-19T17:00:00,1.231e-05,1.235e-05,1.187e-05,1.212e-05,88181485.0
2019-01-20T17:00:00,1.213e-05,1.222e-05,1.195e-05,1.206e-05,53766486.0
2019-01-21T17:00:00,1.206e-05,1.224e-05,1.187e-05,1.213e-05,78971828.0
2019-01-22T17:00:00,1.213e-05,1.224e-05,1.192e-05,1.201e-05,59802714.0
2019-01-23T17:00:00,1.201e-05,1.21e-05,1.193e-05,1.2e-05,40752800.0
2019-01-24T17:00:00,1.199e-05,1.205e-05,1.187e-05,1.19e-05,34750267.0
2019-01-25T17:00:00,1.19e-05,1.198e-05,1.182e-05,1.189e-05,40887302.0
2019-01-26T17:00:00,1.189e-05,1.192e-05,1.145e-05,1.151e-05,78304384.0
2019-01-27T17:00:00,1.151e-05,1.158e-05,1.08e-05,1.123e-05,121052388.0
2019-01-28T17:00:00,1.123e-05,1.144e-05,1.089e-05,1.112e-05,79555558.0
2019-01-29T17:00:00,1.112e-05,1.155e-05,1.1e-05,1.143e-05,88324933.0
2019-01-30T17:00:00,1.143e-05,1.159e-05,1.1e-05,1.114e-05,78241563.0
2019-01-31T17:00:00,1.115e-05,1.123e-05,1.08e-05,1.114e-05,77931317.0
2019-02-01T17:00:00,1.113e-05,1.123e-05,1.104e-05,1.121e-05,31883639.0
2019-02-02T17:00:00,1.121e-05,1.125e-05,1.1e-05,1.105e-05,39040603.0
2019-02-03T17:00:00,1.104e-05,1.117e-05,1.091e-05,1.096e-05,55603937.0
2019-02-04T17:00:00,1.097e-05,1.114e-05,1.08e-05,1.096e-05,59183470.0
2019-02-05T17:00:00,1.097e-05,1.099e-05,1.055e-05,1.077e-05,81858807.0
2019-02-06T17:00:00,1.077e-05,1.094e-05,1.066e-05,1.072e-05,60634223.0
2019-02-07T17:00:00,1.072e-05,1.143e-05,1.068e-05,1.113e-05,141260861.0
2019-02-08T17:00:00,1.113e-05,1.151e-05,1.111e-05,1.124e-05,72219957.0
2019-02-09T17:00:00,1.125e-05,1.172e-05,1.1e-05,1.165e-05,103574520.0
2019-02-10T17:00:00,1.166e-05,1.168e-05,1.14e-05,1.15e-05,71231309.0
2019-02-11T17:00:00,1.149e-05,1.154e-05,1.124e-05,1.149e-05,61541807.0
2019-02-12T17:00:00,1.15e-05,1.162e-05,1.136e-05,1.137e-05,50111917.0
2019-02-13T17:00:00,1.137e-05,1.145e-05,1.114e-05,1.125e-05,53754626.0
2019-02-14T17:00:00,1.125e-05,1.14e-05,1.117e-05,1.127e-05,63591455.0
2019-02-15T17:00:00,1.127e-05,1.141e-05,1.123e-05,1.134e-05,40863563.0
2019-02-16T17:00:00,1.134e-05,1.149e-05,1.124e-05,1.134e-05,53961268.0
2019-02-17T17:00:00,1.134e-05,1.2e-05,1.124e-05,1.17e-05,180229877.0
2019-02-18T17:00:00,1.17e-05,1.224e-05,1.168e-05,1.176e-05,169032251.0
2019-02-19T17:00:00,1.176e-05,1.2e-05,1.154e-05,1.196e-05,102492295.0
2019-02-20T17:00:00,1.196e-05,1.199e-05,1.122e-05,1.144e-05,120587227.0
2019-02-21T17:00:00,1.145e-05,1.167e-05,1.134e-05,1.156e-05,70252829.0
2019-02-22T17:00:00,1.157e-05,1.187e-05,1.152e-05,1.177e-05,114631818.0
2019-02-23T17:00:00,1.178e-05,1.204e-05,1.101e-05,1.113e-05,207216467.0
2019-02-24T17:00:00,1.113e-05,1.148e-05,1.111e-05,1.136e-05,93323046.0
2019-02-25T17:00:00,1.136e-05,1.139e-05,1.111e-05,1.127e-05,87502830.0
2019-02-26T17:00:00,1.127e-05,1.134e-05,1.111e-05,1.126e-05,80571061.0
2019-02-27T17:00:00,1.126e-05,1.135e-05,1.119e-05,1.124e-05,58674939.0
2019-02-28T17:00:00,1.124e-05,1.136e-05,1.116e-05,1.126e-05,58704438.0
2019-03-01T17:00:00,1.125e-05,1.131e-05,1.108e-05,1.111e-05,49634996.0
2019-03-02T17:00:00,1.112e-05,1.115e-05,1.091e-05,1.105e-05,56612251.0
2019-03-03T17:00:00,1.105e-05,1.106e-05,1.06e-05,1.083e-05,96072816.0
2019-03-04T17:00:00,1.083e-05,1.12e-05,1.072e-05,1.113e-05,106230999.0
2019-03-05T17:00:00,1.113e-05,1.12e-05,1.093e-05,1.101e-05,72424032.0
2019-03-06T17:00:00,1.101e-05,1.118e-05,1.091e-05,1.103e-05,84908437.0
2019-03-07T17:00:00,1.104e-05,1.118e-05,1.085e-05,1.098e-05,93394436.0
2019-03-08T17:00:00,1.099e-05,1.199e-05,1.097e-05,1.189e-05,259570028.0
2019-03-09T17:00:00,1.188e-05,1.19e-05,1.137e-05,1.163e-05,143228137.0
2019-03-10T18:00:00,1.163e-05,1.254e-05,1.151e-05,1.22e-05,324383387.0
2019-03-11T18:00:00,1.222e-05,1.238e-05,1.194e-05,1.215e-05,165999107.0
2019-03-12T18:00:00,1.216e-05,1.25e-05,1.183e-05,1.197e-05,161892060.0
2019-03-13T18:00:00,1.197e-05,1.235e-05,1.188e-05,1.23e-05,143051077.0
2019-03-14T18:00:00,1.23e-05,1.292e-05,1.223e-05,1.27e-05,220159842.0
2019-03-15T18:00:00,1.27e-05,1.298e-05,1.231e-05,1.279e-05,165004716.0
2019-03-16T18:00:00,1.28e-05,1.282e-05,1.23e-05,1.252e-05,117968182.0
2019-03-17T18:00:00,1.252e-05,1.264e-05,1.238e-05,1.253e-05,84668279.0
2019-03-18T18:00:00,1.253e-05,1.322e-05,1.237e-05,1.297e-05,188311137.0
2019-03-19T18:00:00,1.297e-05,1.337e-05,1.273e-05,1.325e-05,173068703.0
2019-03-20T18:00:00,1.325e-05,1.35e-05,1.265e-05,1.314e-05,246027212.0
2019-03-21T18:00:00,1.314e-05,1.474e-05,1.306e-05,1.449e-05,450994709.0
2019-03-22T18:00:00,1.45e-05,1.615e-05,1.422e-05,1.584e-05,525302470.0
2019-03-23T18:00:00,1.584e-05,1.615e-05,1.482e-05,1.541e-05,389537787.0
2019-03-24T18:00:00,1.541e-05,1.544e-05,1.451e-05,1.488e-05,254912937.0
2019-03-25T18:00:00,1.488e-05,1.577e-05,1.488e-05,1.563e-05,279037280.0
2019-03-26T18:00:00,1.563e-05,1.687e-05,1.49e-05,1.657e-05,368160060.0
2019-03-27T18:00:00,1.658e-05,1.659e-05,1.591e-05,1.627e-05,181638385.0
2019-03-28T18:00:00,1.627e-05,1.783e-05,1.623e-05,1.733e-05,364895635.0
2019-03-29T18:00:00,1.733e-05,1.776e-05,1.685e-05,1.755e-05,195937915.0
2019-03-30T18:00:00,1.755e-05,1.766e-05,1.693e-05,1.704e-05,119631658.0
2019-03-31T18:00:00,1.703e-05,1.754e-05,1.667e-05,1.74e-05,163267941.0
2019-04-01T18:00:00,1.74e-05,1.76e-05,1.51e-05,1.759e-05,381338909.0
2019-04-02T18:00:00,1.759e-05,1.944e-05,1.708e-05,1.836e-05,552034713.0
2019-04-03T18:00:00,1.836e-05,1.871e-05,1.692e-05,1.779e-05,286980200.0
2019-04-04T18:00:00,1.78e-05,1.843e-05,1.774e-05,1.807e-05,152360224.0
2019-04-05T18:00:00,1.807e-05,1.809e-05,1.755e-05,1.783e-05,111346791.0
2019-04-06T18:00:00,1.782e-05,1.784e-05,1.725e-05,1.738e-05,85036505.0
2019-04-07T18:00:00,1.737e-05,1.753e-05,1.61e-05,1.642e-05,171022220.0
2019-04-08T18:00:00,1.643e-05,1.678e-05,1.573e-05,1.609e-05,160339449.0
2019-04-09T18:00:00,1.609e-05,1.725e-05,1.605e-05,1.685e-05,176004499.0
2019-04-10T18:00:00,1.684e-05,1.696e-05,1.533e-05,1.653e-05,217628620.0
2019-04-11T18:00:00,1.654e-05,1.678e-05,1.61e-05,1.633e-05,119790057.0
2019-04-12T18:00:00,1.635e-05,1.697e-05,1.626e-05,1.639e-05,75170469.0
2019-04-13T18:00:00,1.639e-05,1.652e-05,1.606e-05,1.641e-05,69166851.0
2019-04-14T18:00:00,1.64e-05,1.651e-05,1.601e-05,1.623e-05,75346510.0
2019-04-15T18:00:00,1.623e-05,1.63e-05,1.588e-05,1.599e-05,77517006.0
2019-04-16T18:00:00,1.598e-05,1.621e-05,1.565e-05,1.585e-05,91477851.0
2019-04-17T18:00:00,1.584e-05,1.592e-05,1.532e-05,1.546e-05,105963497.0
2019-04-18T18:00:00,1.545e-05,1.545e-05,1.478e-05,1.501e-05,154664507.0
2019-04-19T18:00:00,1.5e-05,1.501e-05,1.419e-05,1.436e-05,139812244.0
2019-04-20T18:00:00,1.435e-05,1.461e-05,1.363e-05,1.395e-05,162645634.0
2019-04-21T18:00:00,1.394e-05,1.47e-05,1.367e-05,1.454e-05,182579220.0
2019-04-22T18:00:00,1.454e-05,1.482e-05,1.33e-05,1.339e-05,234669825.0
2019-04-23T18:00:00,1.339e-05,1.349e-05,1.26e-05,1.33e-05,214182288.0
2019-04-24T18:00:00,1.332e-05,1.385e-05,1.303e-05,1.332e-05,212735402.0
2019-04-25T18:00:00,1.332e-05,1.334e-05,1.282e-05,1.315e-05,137286243.0
2019-04-26T18:00:00,1.315e-05,1.364e-05,1.296e-05,1.333e-05,86145800.0
2019-04-27T18:00:00,1.334e-05,1.34e-05,1.285e-05,1.296e-05,75442137.0
2019-04-28T18:00:00,1.297e-05,1.301e-05,1.224e-05,1.243e-05,137293937.0
2019-04-29T18:00:00,1.244e-05,1.32e-05,1.234e-05,1.317e-05,104065433.0
2019-04-30T18:00:00,1.318e-05,1.323e-05,1.254e-05,1.28e-05,102278213.0
2019-05-01T18:00:00,1.28e-05,1.28e-05,1.239e-05,1.247e-05,81725062.0
2019-05-02T18:00:00,1.247e-05,1.277e-05,1.174e-05,1.213e-05,167378364.0
2019-05-03T18:00:00,1.212e-05,1.229e-05,1.122e-05,1.147e-05,143378746.0
2019-05-04T18:00:00,1.147e-05,1.17e-05,1.139e-05,1.143e-05,61909422.0
2019-05-05T18:00:00,1.143e-05,1.189e-05,1.122e-05,1.164e-05,121565846.0
2019-05-06T18:00:00,1.164e-05,1.182e-05,1.092e-05,1.096e-05,121327190.0
2019-05-07T18:00:00,1.097e-05,1.105e-05,1.07e-05,1.081e-05,77954332.0
2019-05-08T18:00:00,1.08e-05,1.081e-05,9.85e-06,9.94e-06,121355811.0
2019-05-09T18:00:00,9.93e-06,1.039e-05,9.32e-06,9.9e-06,212506152.0
2019-05-10T18:00:00,9.91e-06,1.134e-05,9.37e-06,1.043e-05,385627204.0
2019-05-11T18:00:00,1.043e-05,1.069e-05,9.73e-06,1.008e-05,262479080.0
2019-05-12T18:00:00,1.008e-05,1.039e-05,9.1e-06,9.33e-06,236300754.0
2019-05-13T18:00:00,9.33e-06,1.067e-05,9.23e-06,1.064e-05,341424520.0
2019-05-14T18:00:00,1.063e-05,1.163e-05,1.051e-05,1.149e-05,293671123.0
2019-05-15T18:00:00,1.15e-05,1.213e-05,1.066e-05,1.118e-05,424861898.0
2019-05-16T18:00:00,1.118e-05,1.152e-05,1.051e-05,1.124e-05,296237339.0
2019-05-17T18:00:00,1.124e-05,1.15e-05,1.082e-05,1.086e-05,158415495.0
2019-05-18T18:00:00,1.085e-05,1.094e-05,1.054e-05,1.057e-05,181871057.0
2019-05-19T18:00:00,1.057e-05,1.105e-05,1.035e-05,1.064e-05,243055409.0
2019-05-20T18:00:00,1.063e-05,1.08e-05,1.045e-05,1.061e-05,160264556.0
2019-05-21T18:00:00,1.062e-05,1.07e-05,1.002e-05,1.016e-05,192312809.0
2019-05-22T18:00:00,1.015e-05,1.026e-05,9.83e-06,1.023e-05,154320511.0
2019-05-23T18:00:00,1.023e-05,1.047e-05,9.99e-06,1.012e-05,177211738.0
2019-05-24T18:00:00,1.011e-05,1.03e-05,9.88e-06,9.99e-06,104447984.0
2019-05-25T18:00:00,9.99e-06,1.024e-05,9.5e-06,9.88e-06,175422107.0
2019-05-26T18:00:00,9.88e-06,1.059e-05,9.72e-06,1.033e-05,250462734.0
2019-05-27T18:00:00,1.033e-05,1.073e-05,1.005e-05,1.065e-05,253338209.0
2019-05-28T18:00:00,1.065e-05,1.08e-05,1.012e-05,1.052e-05,213582673.0
2019-05-29T18:00:00,1.052e-05,1.109e-05,9.76e-06,1.015e-05,367529265.0
2019-05-30T18:00:00,1.015e-05,1.05e-05,9.99e-06,1.041e-05,189296803.0
2019-05-31T18:00:00,1.042e-05,1.08e-05,1.01e-05,1.058e-05,209351974.0
2019-06-01T18:00:00,1.059e-05,1.12e-05,1.045e-05,1.104e-05,302358183.0
2019-06-02T18:00:00,1.104e-05,1.134e-05,1.061e-05,1.078e-05,335041564.0
2019-06-03T18:00:00,1.079e-05,1.099e-05,1.045e-05,1.074e-05,288007649.0
2019-06-04T18:00:00,1.073e-05,1.076e-05,1.045e-05,1.062e-05,131812263.0
2019-06-05T18:00:00,1.062e-05,1.088e-05,1.031e-05,1.067e-05,163397308.0
2019-06-06T18:00:00,1.067e-05,1.083e-05,1.057e-05,1.065e-05,134646281.0
2019-06-07T18:00:00,1.065e-05,1.074e-05,1.046e-05,1.058e-05,68478806.0
2019-06-08T18:00:00,1.058e-05,1.06e-05,1.017e-05,1.033e-05,118062732.0
2019-06-09T18:00:00,1.034e-05,1.071e-05,1.029e-05,1.066e-05,136847251.0
2019-06-10T18:00:00,1.065e-05,1.127e-05,1.047e-05,1.109e-05,207130567.0
2019-06-11T18:00:00,1.109e-05,1.188e-05,1.098e-05,1.18e-05,351748969.0
2019-06-12T18:00:00,1.179e-05,1.19e-05,1.062e-05,1.09e-05,335667647.0
2019-06-13T18:00:00,1.09e-05,1.105e-05,1.018e-05,1.041e-05,263605541.0
2019-06-14T18:00:00,1.04e-05,1.07e-05,1.031e-05,1.034e-05,132424887.0
2019-06-15T18:00:00,1.034e-05,1.04e-05,9.8e-06,1.026e-05,196095848.0
2019-06-16T18:00:00,1.026e-05,1.027e-05,9.88e-06,1.002e-05,154690218.0
2019-06-17T18:00:00,1.003e-05,1.003e-05,9.73e-06,9.81e-06,125041010.0
2019-06-18T18:00:00,9.81e-06,9.99e-06,9.64e-06,9.68e-06,107327534.0
2019-06-19T18:00:00,9.67e-06,9.73e-06,8.85e-06,9.17e-06,236516947.0
2019-06-20T18:00:00,9.18e-06,9.39e-06,8.77e-06,8.78e-06,184555204.0
2019-06-21T18:00:00,8.77e-06,9.11e-06,8.04e-06,8.82e-06,413398550.0
2019-06-22T18:00:00,8.83e-06,9.57e-06,8.61e-06,8.89e-06,399370147.0
2019-06-23T18:00:00,8.89e-06,9.12e-06,8.65e-06,8.84e-06,193162091.0
2019-06-24T18:00:00,8.85e-06,8.87e-06,8.09e-06,8.16e-06,231026688.0
2019-06-25T18:00:00,8.17e-06,8.41e-06,7.26e-06,7.48e-06,603305271.0
2019-06-26T18:00:00,7.49e-06,8.05e-06,7.33e-06,7.64e-06,363904140.0
2019-06-27T18:00:00,7.64e-06,7.77e-06,7.03e-06,7.14e-06,317489037.0
2019-06-28T18:00:00,7.15e-06,7.61e-06,7.07e-06,7.55e-06,208047865.0
2019-06-29T18:00:00,7.55e-06,7.64e-06,7.31e-06,7.58e-06,167257192.0
2019-06-30T18:00:00,7.58e-06,8.07e-06,7.51e-06,7.87e-06,237245435.0
2019-07-01T18:00:00,7.86e-06,8.12e-06,7.28e-06,7.43e-06,263099388.0
2019-07-02T18:00:00,7.43e-06,7.44e-06,6.8e-06,6.89e-06,193005434.0
2019-07-03T18:00:00,6.88e-06,7.02e-06,6.62e-06,6.94e-06,171001793.0
2019-07-04T18:00:00,6.95e-06,7.08e-06,6.8e-06,6.95e-06,130865979.0
2019-07-05T18:00:00,6.95e-06,7.06e-06,6.68e-06,6.89e-06,125573428.0
2019-07-06T18:00:00,6.89e-06,7.02e-06,6.85e-06,6.98e-06,84803997.0
2019-07-07T18:00:00,6.98e-06,7.18e-06,6.44e-06,6.54e-06,165387590.0
2019-07-08T18:00:00,6.54e-06,6.56e-06,6.14e-06,6.21e-06,144954705.0
2019-07-09T18:00:00,6.2e-06,6.21e-06,5.62e-06,5.93e-06,227004568.0
2019-07-10T18:00:00,5.93e-06,6.01e-06,5.5e-06,5.74e-06,201230100.0
2019-07-11T18:00:00,5.75e-06,6.13e-06,5.63e-06,5.9e-06,145742688.0
2019-07-12T18:00:00,5.9e-06,6.14e-06,5.81e-06,5.88e-06,113437051.0
2019-07-13T18:00:00,5.87e-06,5.92e-06,5.74e-06,5.8e-06,111886440.0
2019-07-14T18:00:00,5.81e-06,5.82e-06,5.38e-06,5.44e-06,157200370.0
2019-07-15T18:00:00,5.45e-06,5.61e-06,5.24e-06,5.5e-06,162687036.0
2019-07-16T18:00:00,5.49e-06,5.94e-06,5.36e-06,5.69e-06,193229249.0
2019-07-17T18:00:00,5.69e-06,5.86e-06,5.48e-06,5.5e-06,154565174.0
2019-07-18T18:00:00,5.49e-06,5.76e-06,5.43e-06,5.67e-06,100781518.0
2019-07-19T18:00:00,5.67e-06,6.1e-06,5.67e-06,5.83e-06,137738556.0
2019-07-20T18:00:00,5.84e-06,5.94e-06,5.72e-06,5.77e-06,69664992.0
2019-07-21T18:00:00,5.77e-06,5.86e-06,5.7e-06,5.75e-06,81978070.0
2019-07-22T18:00:00,5.75e-06,5.79e-06,5.55e-06,5.65e-06,89137042.0
2019-07-23T18:00:00,5.65e-06,6.04e-06,5.57e-06,6.03e-06,112325443.0
2019-07-24T18:00:00,6.02e-06,6.05e-06,5.83e-06,5.92e-06,93842276.0
2019-07-25T18:00:00,5.91e-06,6.4e-06,5.86e-06,6.37e-06,148285542.0
2019-07-26T18:00:00,6.37e-06,6.38e-06,6.1e-06,6.32e-06,132241360.0
2019-07-27T18:00:00,6.32e-06,6.37e-06,6.12e-06,6.22e-06,88320539.0
2019-07-28T18:00:00,6.23e-06,6.5e-06,6.12e-06,6.35e-06,119414846.0
2019-07-29T18:00:00,6.34e-06,6.41e-06,6.21e-06,6.24e-06,75327288.0
2019-07-30T18:00:00,6.24e-06,6.28e-06,5.89e-06,5.96e-06,126064914.0
2019-07-31T18:00:00,5.96e-06,5.96e-06,5.57e-06,5.65e-06,91030906.0
2019-08-01T18:00:00,5.64e-06,5.65e-06,5.36e-06,5.45e-06,99609432.0
2019-08-02T18:00:00,5.45e-06,5.46e-06,5.28e-06,5.33e-06,62551628.0
2019-08-03T18:00:00,5.35e-06,5.46e-06,5.08e-06,5.13e-06,116899726.0
2019-08-04T18:00:00,5.12e-06,5.13e-06,4.75e-06,4.78e-06,162675020.0
2019-08-05T18:00:00,4.78e-06,4.82e-06,4.51e-06,4.66e-06,137337636.0
2019-08-06T18:00:00,4.65e-06,4.68e-06,4.28e-06,4.34e-06,132802110.0
2019-08-07T18:00:00,4.34e-06,4.58e-06,4.22e-06,4.34e-06,130705729.0
2019-08-08T18:00:00,4.34e-06,4.37e-06,3.96e-06,4.02e-06,121641010.0
2019-08-09T18:00:00,4.02e-06,4.7e-06,3.99e-06,4.59e-06,175303397.0
2019-08-10T18:00:00,4.59e-06,4.93e-06,4.53e-06,4.75e-06,159551330.0
2019-08-11T18:00:00,4.74e-06,4.8e-06,4.61e-06,4.65e-06,69157664.0
2019-08-12T18:00:00,4.65e-06,4.89e-06,4.44e-06,4.83e-06,132449698.0
2019-08-13T18:00:00,4.83e-06,5.08e-06,4.6e-06,4.69e-06,188486935.0
2019-08-14T18:00:00,4.7e-06,4.77e-06,4.55e-06,4.6e-06,79009275.0
2019-08-15T18:00:00,4.59e-06,4.72e-06,4.41e-06,4.52e-06,122397868.0
2019-08-16T18:00:00,4.51e-06,4.69e-06,4.47e-06,4.64e-06,74224076.0
2019-08-17T18:00:00,4.64e-06,4.95e-06,4.6e-06,4.91e-06,103141195.0
2019-08-18T18:00:00,4.91e-06,4.92e-06,4.58e-06,4.58e-06,86036501.0
2019-08-19T18:00:00,4.58e-06,4.73e-06,4.53e-06,4.57e-06,82027448.0
2019-08-20T18:00:00,4.57e-06,4.7e-06,4.5e-06,4.66e-06,81428200.0
2019-08-21T18:00:00,4.68e-06,5.1e-06,4.66e-06,4.87e-06,181350965.0
2019-08-22T18:00:00,4.88e-06,4.98e-06,4.72e-06,4.79e-06,106922710.0
2019-08-23T18:00:00,4.78e-06,5.14e-06,4.75e-06,4.95e-06,122106833.0
2019-08-24T18:00:00,4.95e-06,5.22e-06,4.85e-06,4.89e-06,174892200.0
2019-08-25T18:00:00,4.88e-06,4.92e-06,4.7e-06,4.79e-06,126822318.0
2019-08-26T18:00:00,4.78e-06,4.93e-06,4.76e-06,4.9e-06,65090777.0
2019-08-27T18:00:00,4.9e-06,4.97e-06,4.59e-06,4.72e-06,126336520.0
2019-08-28T18:00:00,4.71e-06,4.74e-06,4.56e-06,4.69e-06,88344598.0
2019-08-29T18:00:00,4.69e-06,4.78e-06,4.61e-06,4.67e-06,52865745.0
2019-08-30T18:00:00,4.67e-06,4.74e-06,4.61e-06,4.67e-06,38100051.0
2019-08-31T18:00:00,4.66e-06,4.71e-06,4.53e-06,4.55e-06,33262926.0
2019-09-01T18:00:00,4.55e-06,4.56e-06,4.35e-06,4.37e-06,67933534.0
2019-09-02T18:00:00,4.38e-06,4.45e-06,4.2e-06,4.39e-06,119472254.0
2019-09-03T18:00:00,4.39e-06,4.42e-06,4.2e-06,4.3e-06,58906437.0
2019-09-04T18:00:00,4.3e-06,4.31e-06,4.14e-06,4.2e-06,52356886.0
2019-09-05T18:00:00,4.2e-06,4.32e-06,4.03e-06,4.3e-06,95448136.0
2019-09-06T18:00:00,4.29e-06,4.44e-06,4.21e-06,4.4e-06,64193556.0
2019-09-07T18:00:00,4.39e-06,4.58e-06,4.39e-06,4.48e-06,58872895.0
2019-09-08T18:00:00,4.48e-06,4.57e-06,4.41e-06,4.53e-06,65847814.0
2019-09-09T18:00:00,4.53e-06,4.69e-06,4.52e-06,4.59e-06,78823919.0
2019-09-10T18:00:00,4.6e-06,4.61e-06,4.4e-06,4.42e-06,69012101.0
2019-09-11T18:00:00,4.42e-06,4.53e-06,4.3e-06,4.36e-06,62419704.0
2019-09-12T18:00:00,4.36e-06,4.49e-06,4.31e-06,4.42e-06,53118989.0
2019-09-13T18:00:00,4.43e-06,4.55e-06,4.26e-06,4.49e-06,81603493.0
2019-09-14T18:00:00,4.49e-06,4.57e-06,4.47e-06,4.52e-06,37636144.0
2019-09-15T18:00:00,4.53e-06,4.62e-06,4.5e-06,4.58e-06,53993959.0
2019-09-16T18:00:00,4.59e-06,4.97e-06,4.58e-06,4.8e-06,148614488.0
2019-09-17T18:00:00,4.79e-06,5.47e-06,4.78e-06,5.23e-06,273249864.0
2019-09-18T18:00:00,5.23e-06,5.44e-06,5e-06,5.11e-06,215846495.0
2019-09-19T18:00:00,5.11e-06,5.17e-06,4.9e-06,5.16e-06,112046595.0
2019-09-20T18:00:00,5.16e-06,5.31e-06,5.13e-06,5.18e-06,83443127.0
2019-09-21T18:00:00,5.18e-06,5.2e-06,4.76e-06,4.88e-06,148391702.0
2019-09-22T18:00:00,4.88e-06,5.04e-06,4.72e-06,4.77e-06,110401450.0
2019-09-23T18:00:00,4.78e-06,4.82e-06,4.35e-06,4.38e-06,246947898.0
2019-09-24T18:00:00,4.38e-06,4.68e-06,4.35e-06,4.64e-06,142548727.0
2019-09-25T18:00:00,4.64e-06,4.76e-06,4.5e-06,4.73e-06,157171152.0
2019-09-26T18:00:00,4.74e-06,4.85e-06,4.61e-06,4.78e-06,124718594.0
2019-09-27T18:00:00,4.79e-06,4.84e-06,4.67e-06,4.71e-06,71101268.0
2019-09-28T18:00:00,4.7e-06,4.72e-06,4.53e-06,4.62e-06,86449071.0
2019-09-29T18:00:00,4.63e-06,4.84e-06,4.59e-06,4.69e-06,121409365.0
2019-09-30T18:00:00,4.69e-06,4.76e-06,4.58e-06,4.61e-06,67554643.0
2019-10-01T18:00:00,4.61e-06,4.78e-06,4.6e-06,4.7e-06,77449738.0
2019-10-02T18:00:00,4.7e-06,4.78e-06,4.62e-06,4.65e-06,76421636.0
2019-10-03T18:00:00,4.64e-06,4.92e-06,4.63e-06,4.83e-06,131206671.0
2019-10-04T18:00:00,4.82e-06,4.92e-06,4.81e-06,4.87e-06,72090388.0
2019-10-05T18:00:00,4.87e-06,4.98e-06,4.83e-06,4.94e-06,81910299.0
2019-10-06T18:00:00,4.93e-06,5.12e-06,4.88e-06,5.05e-06,152730323.0
2019-10-07T18:00:00,5.05e-06,5.09e-06,4.94e-06,5.05e-06,110317848.0
2019-10-08T18:00:00,5.05e-06,5.28e-06,4.85e-06,4.96e-06,178652351.0
2019-10-09T18:00:00,4.96e-06,4.96e-06,4.77e-06,4.86e-06,115656534.0
2019-10-10T18:00:00,4.87e-06,4.96e-06,4.8e-06,4.85e-06,77740965.0
2019-10-11T18:00:00,4.85e-06,4.9e-06,4.83e-06,4.86e-06,51270041.0
2019-10-12T18:00:00,4.87e-06,5e-06,4.85e-06,4.99e-06,60705227.0
2019-10-13T18:00:00,4.99e-06,5.06e-06,4.93e-06,5e-06,97675996.0
2019-10-14T18:00:00,5e-06,5.01e-06,4.76e-06,4.85e-06,105057131.0
2019-10-15T18:00:00,4.85e-06,4.88e-06,4.71e-06,4.81e-06,86605578.0
2019-10-16T18:00:00,4.81e-06,4.88e-06,4.76e-06,4.87e-06,54175313.0
2019-10-17T18:00:00,4.87e-06,4.89e-06,4.72e-06,4.78e-06,73215169.0
2019-10-18T18:00:00,4.78e-06,4.94e-06,4.75e-06,4.9e-06,83569085.0
2019-10-19T18:00:00,4.9e-06,4.92e-06,4.76e-06,4.8e-06,57315911.0
2019-10-20T18:00:00,4.8e-06,4.8e-06,4.66e-06,4.77e-06,77735781.0
2019-10-21T18:00:00,4.77e-06,4.94e-06,4.76e-06,4.8e-06,83661237.0
2019-10-22T18:00:00,4.8e-06,4.88e-06,4.73e-06,4.86e-06,88089496.0
2019-10-23T18:00:00,4.87e-06,5.09e-06,4.84e-06,5.03e-06,126438291.0
2019-10-24T18:00:00,5.03e-06,5.08e-06,4.74e-06,4.75e-06,143580170.0
2019-10-25T18:00:00,4.75e-06,4.76e-06,4e-06,4.38e-06,256244853.0
2019-10-26T18:00:00,4.39e-06,4.52e-06,4.23e-06,4.43e-06,178591394.0
2019-10-27T18:00:00,4.43e-06,4.64e-06,4.43e-06,4.58e-06,153088420.0
2019-10-28T18:00:00,4.58e-06,4.66e-06,4.49e-06,4.61e-06,96540106.0
2019-10-29T18:00:00,4.62e-06,4.75e-06,4.52e-06,4.56e-06,102869276.0
2019-10-30T18:00:00,4.55e-06,4.6e-06,4.42e-06,4.52e-06,75672106.0
2019-10-31T18:00:00,4.51e-06,4.69e-06,4.5e-06,4.57e-06,67660713.0
2019-11-01T18:00:00,4.56e-06,4.59e-06,4.5e-06,4.56e-06,38319950.0
2019-11-02T18:00:00,4.56e-06,4.58e-06,4.52e-06,4.53e-06,33533793.0
2019-11-03T17:00:00,4.53e-06,4.64e-06,4.52e-06,4.6e-06,66446128.0
2019-11-04T17:00:00,4.6e-06,4.77e-06,4.58e-06,4.75e-06,108172815.0
2019-11-05T17:00:00,4.75e-06,4.91e-06,4.69e-06,4.8e-06,84976424.0
2019-11-06T17:00:00,4.79e-06,4.82e-06,4.63e-06,4.72e-06,73465128.0
2019-11-07T17:00:00,4.71e-06,4.82e-06,4.66e-06,4.81e-06,61264192.0
2019-11-08T17:00:00,4.81e-06,4.84e-06,4.77e-06,4.82e-06,43286282.0
2019-11-09T17:00:00,4.81e-06,4.9e-06,4.76e-06,4.85e-06,71432051.0
2019-11-10T17:00:00,4.85e-06,4.99e-06,4.81e-06,4.94e-06,77019759.0
2019-11-11T17:00:00,4.94e-06,5.09e-06,4.93e-06,4.96e-06,104608918.0
2019-11-12T17:00:00,4.96e-06,5.01e-06,4.91e-06,4.93e-06,49572744.0
2019-11-13T17:00:00,4.93e-06,4.97e-06,4.87e-06,4.94e-06,49215367.0
2019-11-14T17:00:00,4.94e-06,5.24e-06,4.9e-06,5.18e-06,129774571.0
2019-11-15T17:00:00,5.17e-06,5.26e-06,5.09e-06,5.17e-06,80022021.0
2019-11-16T17:00:00,5.16e-06,5.36e-06,5.12e-06,5.29e-06,134974249.0
2019-11-17T17:00:00,5.29e-06,5.45e-06,5.22e-06,5.27e-06,198898622.0
2019-11-18T17:00:00,5.26e-06,5.3e-06,5.1e-06,5.18e-06,127765181.0
2019-11-19T17:00:00,5.18e-06,5.21e-06,4.98e-06,5.05e-06,89943932.0
2019-11-20T17:00:00,5.06e-06,5.11e-06,4.9e-06,5.03e-06,110197665.0
2019-11-21T17:00:00,5.03e-06,5.24e-06,4.92e-06,5.09e-06,167414112.0
2019-11-22T17:00:00,5.09e-06,5.27e-06,5.08e-06,5.2e-06,93159907.0
2019-11-23T17:00:00,5.2e-06,5.29e-06,5.03e-06,5.07e-06,89358393.0
2019-11-24T17:00:00,5.07e-06,5.2e-06,4.98e-06,5.04e-06,133812758.0
2019-11-25T17:00:00,5.04e-06,5.15e-06,4.99e-06,5.13e-06,79682258.0
2019-11-26T17:00:00,5.13e-06,5.36e-06,5.09e-06,5.19e-06,143064262.0
2019-11-27T17:00:00,5.19e-06,5.29e-06,5.1e-06,5.26e-06,102317976.0
2019-11-28T17:00:00,5.26e-06,5.61e-06,5.26e-06,5.33e-06,248715870.0
2019-11-29T17:00:00,5.33e-06,5.44e-06,5.25e-06,5.35e-06,97774712.0
2019-11-30T17:00:00,5.34e-06,5.45e-06,5.23e-06,5.35e-06,84493392.0
2019-12-01T17:00:00,5.35e-06,5.36e-06,5.15e-06,5.2e-06,81023816.0
2019-12-02T17:00:00,5.19e-06,5.25e-06,5.15e-06,5.18e-06,46337881.0
2019-12-03T17:00:00,5.18e-06,5.2e-06,4.96e-06,5.16e-06,106883806.0
2019-12-04T17:00:00,5.16e-06,5.18e-06,4.99e-06,5.08e-06,60520903.0
2019-12-05T17:00:00,5.08e-06,5.12e-06,5.02e-06,5.08e-06,32213891.0
2019-12-06T17:00:00,5.08e-06,5.21e-06,5.06e-06,5.14e-06,40840447.0
2019-12-07T17:00:00,5.14e-06,5.17e-06,5.11e-06,5.16e-06,41713483.0
2019-12-08T17:00:00,5.15e-06,5.16e-06,5.03e-06,5.06e-06,52857765.0
2019-12-09T17:00:00,5.06e-06,5.09e-06,4.99e-06,5.03e-06,61362984.0
2019-12-10T17:00:00,5.03e-06,5.13e-06,5.01e-06,5.08e-06,42591029.0
2019-12-11T17:00:00,5.08e-06,5.1e-06,5.02e-06,5.07e-06,38308425.0
2019-12-12T17:00:00,5.07e-06,5.16e-06,5.05e-06,5.14e-06,53502457.0
2019-12-13T17:00:00,5.14e-06,5.15e-06,5.05e-06,5.13e-06,43294667.0
2019-12-14T17:00:00,5.12e-06,5.16e-06,5.02e-06,5.12e-06,33520527.0
2019-12-15T17:00:00,5.13e-06,5.13e-06,4.79e-06,4.95e-06,86994951.0
2019-12-16T17:00:00,4.94e-06,4.96e-06,4.73e-06,4.79e-06,82767305.0
2019-12-17T17:00:00,4.78e-06,4.84e-06,4.65e-06,4.73e-06,82687047.0
2019-12-18T17:00:00,4.72e-06,4.78e-06,4.58e-06,4.62e-06,76443294.0
2019-12-19T17:00:00,4.62e-06,4.73e-06,4.58e-06,4.71e-06,62978433.0
2019-12-20T17:00:00,4.71e-06,4.74e-06,4.6e-06,4.63e-06,32230203.0
2019-12-21T17:00:00,4.63e-06,4.71e-06,4.57e-06,4.59e-06,44558858.0
2019-12-22T17:00:00,4.58e-06,4.58e-06,4.47e-06,4.51e-06,57029398.0
2019-12-23T17:00:00,4.52e-06,4.73e-06,4.49e-06,4.67e-06,61469235.0
2019-12-24T17:00:00,4.67e-06,4.7e-06,4.59e-06,4.64e-06,27635830.0
2019-12-25T17:00:00,4.64e-06,4.76e-06,4.62e-06,4.74e-06,49476630.0
2019-12-26T17:00:00,4.74e-06,4.76e-06,4.42e-06,4.54e-06,131066563.0
2019-12-27T17:00:00,4.54e-06,4.66e-06,4.53e-06,4.6e-06,38860769.0
2019-12-28T17:00:00,4.61e-06,4.64e-06,4.54e-06,4.62e-06,28105604.0
2019-12-29T17:00:00,4.62e-06,4.67e-06,4.56e-06,4.61e-06,32376963.0
2019-12-30T17:00:00,4.62e-06,4.63e-06,4.56e-06,4.57e-06,24764036.0
2019-12-31T17:00:00,4.56e-06,4.68e-06,4.55e-06,4.64e-06,22732844.0
2020-01-01T17:00:00,4.65e-06,4.72e-06,4.62e-06,4.69e-06,25328513.0
2020-01-02T17:00:00,4.69e-06,4.75e-06,4.61e-06,4.66e-06,43527066.0
2020-01-03T17:00:00,4.66e-06,4.69e-06,4.61e-06,4.68e-06,25959654.0
2020-01-04T17:00:00,4.68e-06,4.73e-06,4.63e-06,4.71e-06,30087484.0
2020-01-05T17:00:00,4.71e-06,4.87e-06,4.65e-06,4.8e-06,72810857.0
2020-01-06T17:00:00,4.81e-06,4.85e-06,4.52e-06,4.54e-06,93084878.0
2020-01-07T17:00:00,4.53e-06,4.64e-06,4.4e-06,4.51e-06,99429396.0
2020-01-08T17:00:00,4.51e-06,4.63e-06,4.49e-06,4.62e-06,45514014.0
2020-01-09T17:00:00,4.62e-06,4.63e-06,4.48e-06,4.5e-06,88008676.0
2020-01-10T17:00:00,4.5e-06,4.62e-06,4.49e-06,4.59e-06,44321862.0
2020-01-11T17:00:00,4.59e-06,4.63e-06,4.53e-06,4.63e-06,42385985.0
2020-01-12T17:00:00,4.63e-06,4.64e-06,4.53e-06,4.55e-06,33227489.0
2020-01-13T17:00:00,4.55e-06,4.84e-06,4e-06,4.72e-06,239431246.0
2020-01-14T17:00:00,4.72e-06,4.89e-06,4.65e-06,4.85e-06,222041257.0
2020-01-15T17:00:00,4.85e-06,4.9e-06,4.65e-06,4.77e-06,93554521.0
2020-01-16T17:00:00,4.78e-06,5.13e-06,4.74e-06,5.03e-06,186791665.0
2020-01-17T17:00:00,5.04e-06,5.12e-06,4.88e-06,5.03e-06,131006780.0
2020-01-18T17:00:00,5.03e-06,5.06e-06,4.79e-06,4.83e-06,121826301.0
2020-01-19T17:00:00,4.83e-06,5.1e-06,4.82e-06,5.07e-06,91802591.0
2020-01-20T17:00:00,5.07e-06,5.4e-06,5.04e-06,5.28e-06,203953788.0
2020-01-21T17:00:00,5.27e-06,5.34e-06,5.19e-06,5.27e-06,85322079.0
2020-01-22T17:00:00,5.26e-06,5.3e-06,5.04e-06,5.14e-06,111636611.0
2020-01-23T17:00:00,5.14e-06,5.37e-06,5.01e-06,5.33e-06,108624791.0
2020-01-24T17:00:00,5.32e-06,5.36e-06,5.16e-06,5.18e-06,60342678.0
2020-01-25T17:00:00,5.18e-06,5.21e-06,5.12e-06,5.2e-06,73401316.0
2020-01-26T17:00:00,5.2e-06,5.5e-06,5.12e-06,5.38e-06,174088309.0
2020-01-27T17:00:00,5.38e-06,6.03e-06,5.24e-06,5.64e-06,466076028.0
2020-01-28T17:00:00,5.64e-06,6.15e-06,5.61e-06,5.73e-06,310305866.0
2020-01-29T17:00:00,5.73e-06,5.99e-06,5.67e-06,5.91e-06,218331954.0
2020-01-30T17:00:00,5.9e-06,5.97e-06,5.63e-06,5.77e-06,149238952.0
2020-01-31T17:00:00,5.76e-06,6.11e-06,5.7e-06,5.97e-06,161016984.0
2020-02-01T17:00:00,5.97e-06,6.33e-06,5.89e-06,5.97e-06,254317581.0
2020-02-02T17:00:00,5.98e-06,6.21e-06,5.93e-06,6.13e-06,127204815.0
2020-02-03T17:00:00,6.13e-06,6.2e-06,5.87e-06,6.09e-06,163295616.0
2020-02-04T17:00:00,6.09e-06,6.35e-06,6.04e-06,6.17e-06,188947972.0
2020-02-05T17:00:00,6.17e-06,6.3e-06,5.93e-06,6.14e-06,162677425.0
2020-02-06T17:00:00,6.14e-06,6.39e-06,6.09e-06,6.1e-06,146848610.0
2020-02-07T17:00:00,6.09e-06,6.25e-06,5.9e-06,6.07e-06,128120040.0
2020-02-08T17:00:00,6.06e-06,6.16e-06,6e-06,6.1e-06,89697731.0
2020-02-09T17:00:00,6.09e-06,6.13e-06,5.95e-06,6.12e-06,114838901.0
2020-02-10T17:00:00,6.11e-06,6.22e-06,5.97e-06,6.2e-06,131698260.0
2020-02-11T17:00:00,6.2e-06,6.8e-06,6.18e-06,6.6e-06,287095067.0
2020-02-12T17:00:00,6.6e-06,6.94e-06,6.43e-06,6.71e-06,293660543.0
2020-02-13T17:00:00,6.72e-06,6.89e-06,6.62e-06,6.84e-06,143864790.0
2020-02-14T17:00:00,6.83e-06,6.9e-06,6.33e-06,6.49e-06,213497660.0
2020-02-15T17:00:00,6.49e-06,6.7e-06,5.83e-06,6.2e-06,265334166.0
2020-02-16T17:00:00,6.19e-06,6.3e-06,5.81e-06,6.2e-06,215141644.0
2020-02-17T17:00:00,6.2e-06,6.39e-06,6.01e-06,6.17e-06,170408976.0
2020-02-18T17:00:00,6.17e-06,6.2e-06,5.83e-06,5.97e-06,102673197.0
2020-02-19T17:00:00,5.97e-06,6.12e-06,5.84e-06,6.05e-06,158873895.0
2020-02-20T17:00:00,6.06e-06,6.17e-06,5.98e-06,6.05e-06,88007970.0
2020-02-21T17:00:00,6.05e-06,6.09e-06,5.93e-06,6.03e-06,52919875.0
2020-02-22T17:00:00,6.03e-06,6.24e-06,6e-06,6.19e-06,71807205.0
2020-02-23T17:00:00,6.18e-06,6.2e-06,6.03e-06,6.11e-06,80144188.0
2020-02-24T17:00:00,6.12e-06,6.12e-06,5.93e-06,6.02e-06,109076377.0
2020-02-25T17:00:00,6.02e-06,6.05e-06,5.3e-06,5.59e-06,298704584.0
2020-02-26T17:00:00,5.6e-06,5.83e-06,5.4e-06,5.65e-06,149062920.0
2020-02-27T17:00:00,5.65e-06,5.76e-06,5.47e-06,5.63e-06,117359214.0
2020-02-28T17:00:00,5.63e-06,5.7e-06,5.51e-06,5.53e-06,114141686.0
2020-02-29T17:00:00,5.52e-06,5.58e-06,5.3e-06,5.35e-06,90738550.0
2020-03-01T17:00:00,5.34e-06,5.61e-06,5.34e-06,5.53e-06,84015499.0
2020-03-02T17:00:00,5.53e-06,5.6e-06,5.44e-06,5.55e-06,66809919.0
2020-03-03T17:00:00,5.55e-06,5.72e-06,5.51e-06,5.6e-06,85565164.0
2020-03-04T17:00:00,5.6e-06,5.74e-06,5.55e-06,5.63e-06,85048695.0
2020-03-05T17:00:00,5.63e-06,5.7e-06,5.52e-06,5.66e-06,53425714.0
2020-03-06T17:00:00,5.66e-06,5.68e-06,5.41e-06,5.48e-06,58742628.0
2020-03-07T17:00:00,5.49e-06,5.49e-06,5.21e-06,5.33e-06,120448714.0
2020-03-08T18:00:00,5.34e-06,5.41e-06,5.08e-06,5.24e-06,166302882.0
2020-03-09T18:00:00,5.23e-06,5.3e-06,5.17e-06,5.26e-06,90284598.0
2020-03-10T18:00:00,5.26e-06,5.27e-06,4.9e-06,5e-06,114106587.0
2020-03-11T18:00:00,5.01e-06,5.01e-06,4.2e-06,4.85e-06,430692471.0
2020-03-12T18:00:00,4.85e-06,5.13e-06,4.43e-06,5.09e-06,429115094.0
2020-03-13T18:00:00,5.1e-06,5.19e-06,4.93e-06,4.98e-06,111146442.0
2020-03-14T18:00:00,4.99e-06,5.07e-06,4.87e-06,5.02e-06,94626867.0
2020-03-15T18:00:00,5.02e-06,5.07e-06,4.72e-06,4.82e-06,177062993.0
2020-03-16T18:00:00,4.82e-06,4.93e-06,4.79e-06,4.84e-06,83847043.0
2020-03-17T18:00:00,4.85e-06,4.91e-06,4.77e-06,4.83e-06,73891823.0
2020-03-18T18:00:00,4.83e-06,5.1e-06,4.83e-06,4.92e-06,150130246.0
2020-03-19T18:00:00,4.92e-06,5.01e-06,4.63e-06,4.74e-06,183893488.0
2020-03-20T18:00:00,4.74e-06,4.85e-06,4.68e-06,4.76e-06,74069323.0
2020-03-21T18:00:00,4.77e-06,4.8e-06,4.55e-06,4.65e-06,73469953.0
2020-03-22T18:00:00,4.65e-06,4.68e-06,4.48e-06,4.52e-06,85635274.0
2020-03-23T18:00:00,4.52e-06,4.52e-06,4.4e-06,4.49e-06,73107448.0
2020-03-24T18:00:00,4.49e-06,4.55e-06,4.35e-06,4.41e-06,61978200.0
2020-03-25T18:00:00,4.41e-06,4.59e-06,4.38e-06,4.59e-06,57179836.0
2020-03-26T18:00:00,4.58e-06,4.61e-06,4.5e-06,4.54e-06,65383934.0
2020-03-27T18:00:00,4.53e-06,4.8e-06,4.48e-06,4.78e-06,70723390.0
2020-03-28T18:00:00,4.78e-06,4.81e-06,4.72e-06,4.78e-06,55090271.0
2020-03-29T18:00:00,4.77e-06,4.79e-06,4.57e-06,4.64e-06,58711621.0
2020-03-30T18:00:00,4.64e-06,4.76e-06,4.61e-06,4.75e-06,48167775.0
2020-03-31T18:00:00,4.74e-06,4.87e-06,4.62e-06,4.66e-06,95545316.0
2020-04-01T18:00:00,4.66e-06,4.76e-06,4.61e-06,4.7e-06,74359488.0
2020-04-02T18:00:00,4.69e-06,4.82e-06,4.64e-06,4.8e-06,57506538.0
2020-04-03T18:00:00,4.8e-06,4.82e-06,4.67e-06,4.73e-06,54003251.0
2020-04-04T18:00:00,4.73e-06,4.77e-06,4.68e-06,4.71e-06,34287672.0
2020-04-05T18:00:00,4.71e-06,4.93e-06,4.67e-06,4.9e-06,143879226.0
2020-04-06T18:00:00,4.9e-06,4.97e-06,4.85e-06,4.9e-06,113208484.0
2020-04-07T18:00:00,4.91e-06,5.02e-06,4.9e-06,4.95e-06,77865758.0
2020-04-08T18:00:00,4.94e-06,5e-06,4.89e-06,4.96e-06,58798013.0
2020-04-09T18:00:00,4.95e-06,4.97e-06,4.76e-06,4.84e-06,79739490.0
2020-04-10T18:00:00,4.84e-06,4.96e-06,4.82e-06,4.86e-06,46158136.0
2020-04-11T18:00:00,4.86e-06,4.91e-06,4.83e-06,4.85e-06,37810124.0
2020-04-12T18:00:00,4.84e-06,4.91e-06,4.78e-06,4.84e-06,46045272.0
2020-04-13T18:00:00,4.84e-06,4.87e-06,4.79e-06,4.82e-06,36521414.0
2020-04-14T18:00:00,4.82e-06,4.9e-06,4.78e-06,4.81e-06,39212406.0
2020-04-15T18:00:00,4.81e-06,4.87e-06,4.75e-06,4.84e-06,80565074.0
2020-04-16T18:00:00,4.84e-06,4.9e-06,4.84e-06,4.88e-06,34121093.0
2020-04-17T18:00:00,4.89e-06,5.08e-06,4.88e-06,5.05e-06,57585588.0
2020-04-18T18:00:00,5.05e-06,5.1e-06,4.97e-06,4.99e-06,56276032.0
2020-04-19T18:00:00,4.99e-06,5.13e-06,4.96e-06,4.96e-06,76419892.0
2020-04-20T18:00:00,4.96e-06,5.08e-06,4.96e-06,5.05e-06,48799039.0
2020-04-21T18:00:00,5.05e-06,5.16e-06,5.02e-06,5.15e-06,45875086.0
2020-04-22T18:00:00,5.14e-06,5.64e-06,5.12e-06,5.46e-06,185866649.0
2020-04-23T18:00:00,5.46e-06,5.85e-06,5.46e-06,5.55e-06,209570228.0
2020-04-24T18:00:00,5.55e-06,5.77e-06,5.49e-06,5.61e-06,62967971.0
2020-04-25T18:00:00,5.6e-06,6.06e-06,5.55e-06,5.97e-06,132523246.0
2020-04-26T18:00:00,5.97e-06,6.16e-06,5.78e-06,5.98e-06,134688688.0
2020-04-27T18:00:00,5.98e-06,6.24e-06,5.95e-06,6.05e-06,94807054.0
2020-04-28T18:00:00,6.04e-06,6.18e-06,5.79e-06,5.87e-06,131402111.0
2020-04-29T18:00:00,5.87e-06,6.03e-06,5.39e-06,5.51e-06,195405151.0
2020-04-30T18:00:00,5.51e-06,5.87e-06,5.49e-06,5.77e-06,113142725.0
2020-05-01T18:00:00,5.77e-06,5.79e-06,5.62e-06,5.67e-06,70867976.0
2020-05-02T18:00:00,5.68e-06,5.71e-06,5.45e-06,5.51e-06,66384283.0
2020-05-03T18:00:00,5.51e-06,5.69e-06,5.35e-06,5.58e-06,129030699.0
2020-05-04T18:00:00,5.57e-06,5.67e-06,5.47e-06,5.48e-06,71585749.0
2020-05-05T18:00:00,5.49e-06,5.54e-06,5.33e-06,5.34e-06,74495935.0
2020-05-06T18:00:00,5.35e-06,5.41e-06,5.05e-06,5.13e-06,128041126.0
2020-05-07T18:00:00,5.13e-06,5.37e-06,5.1e-06,5.3e-06,112609661.0
2020-05-08T18:00:00,5.31e-06,5.46e-06,5.26e-06,5.4e-06,91364505.0
2020-05-09T18:00:00,5.39e-06,5.54e-06,5.11e-06,5.46e-06,179569410.0
2020-05-10T18:00:00,5.46e-06,5.63e-06,5.3e-06,5.59e-06,118830227.0
2020-05-11T18:00:00,5.58e-06,5.85e-06,5.57e-06,5.72e-06,125380867.0
2020-05-12T18:00:00,5.72e-06,5.75e-06,5.5e-06,5.54e-06,99192351.0
2020-05-13T18:00:00,5.53e-06,5.57e-06,5.2e-06,5.2e-06,118050985.0
2020-05-14T18:00:00,5.2e-06,5.47e-06,5.18e-06,5.4e-06,97906731.0
2020-05-15T18:00:00,5.39e-06,5.46e-06,5.34e-06,5.44e-06,45204103.0
2020-05-16T18:00:00,5.44e-06,5.48e-06,5.24e-06,5.3e-06,43650969.0
2020-05-17T18:00:00,5.29e-06,5.66e-06,5.2e-06,5.58e-06,131900001.0
2020-05-18T18:00:00,5.58e-06,5.89e-06,5.48e-06,5.81e-06,103689661.0
2020-05-19T18:00:00,5.81e-06,5.99e-06,5.71e-06,5.98e-06,108232676.0
2020-05-20T18:00:00,5.97e-06,6.04e-06,5.7e-06,5.75e-06,112636373.0
2020-05-21T18:00:00,5.75e-06,6.21e-06,5.69e-06,6.09e-06,125946363.0
2020-05-22T18:00:00,6.09e-06,6.1e-06,5.91e-06,5.99e-06,62507523.0
2020-05-23T18:00:00,5.99e-06,6.09e-06,5.87e-06,5.88e-06,73714562.0
2020-05-24T18:00:00,5.89e-06,6.12e-06,5.81e-06,6.06e-06,86282089.0
2020-05-25T18:00:00,6.06e-06,6.09e-06,5.91e-06,6.06e-06,76396810.0
2020-05-26T18:00:00,6.06e-06,6.23e-06,5.98e-06,5.98e-06,118950410.0
2020-05-27T18:00:00,5.99e-06,7.04e-06,5.94e-06,6.78e-06,342075980.0
2020-05-28T18:00:00,6.79e-06,7e-06,6.66e-06,6.87e-06,247415887.0
2020-05-29T18:00:00,6.87e-06,8.15e-06,6.8e-06,7.93e-06,466070246.0
2020-05-30T18:00:00,7.93e-06,9.03e-06,7.66e-06,7.82e-06,677865439.0
2020-05-31T18:00:00,7.83e-06,8.59e-06,7.78e-06,7.92e-06,477705085.0
2020-06-01T18:00:00,7.92e-06,8.4e-06,7.55e-06,8.28e-06,340492391.0
2020-06-02T18:00:00,8.27e-06,8.98e-06,8.14e-06,8.85e-06,316613054.0
2020-06-03T18:00:00,8.86e-06,9.47e-06,8.72e-06,9.07e-06,383373560.0
2020-06-04T18:00:00,9.07e-06,9.09e-06,8.64e-06,8.85e-06,167461579.0
2020-06-05T18:00:00,8.85e-06,9.09e-06,8.82e-06,8.92e-06,102523254.0
2020-06-06T18:00:00,8.92e-06,9.17e-06,8.74e-06,8.88e-06,172791055.0
2020-06-07T18:00:00,8.88e-06,8.92e-06,8.75e-06,8.85e-06,76398850.0
2020-06-08T18:00:00,8.84e-06,8.87e-06,8.47e-06,8.49e-06,124021961.0
2020-06-09T18:00:00,8.49e-06,8.5e-06,8.14e-06,8.46e-06,236041356.0
2020-06-10T18:00:00,8.46e-06,8.62e-06,7.97e-06,8.1e-06,208013792.0
2020-06-11T18:00:00,8.11e-06,8.6e-06,8.09e-06,8.39e-06,128831906.0
2020-06-12T18:00:00,8.4e-06,8.4e-06,8.22e-06,8.35e-06,68323931.0
2020-06-13T18:00:00,8.34e-06,8.36e-06,8.15e-06,8.19e-06,56171320.0
2020-06-14T18:00:00,8.18e-06,8.47e-06,6.99e-06,8.31e-06,248014192.0
2020-06-15T18:00:00,8.31e-06,8.33e-06,8.14e-06,8.32e-06,96631183.0
2020-06-16T18:00:00,8.32e-06,8.84e-06,8.19e-06,8.82e-06,170921347.0
2020-06-17T18:00:00,8.81e-06,8.97e-06,8.6e-06,8.72e-06,126087210.0
2020-06-18T18:00:00,8.71e-06,8.74e-06,8.47e-06,8.58e-06,94998439.0
2020-06-19T18:00:00,8.59e-06,8.6e-06,8.36e-06,8.51e-06,58131113.0
2020-06-20T18:00:00,8.5e-06,8.61e-06,8.39e-06,8.43e-06,45226766.0
2020-06-21T18:00:00,8.44e-06,8.69e-06,8.42e-06,8.63e-06,92064198.0
2020-06-22T18:00:00,8.63e-06,8.71e-06,8.5e-06,8.6e-06,64457208.0
2020-06-23T18:00:00,8.6e-06,9.04e-06,8.58e-06,8.87e-06,147910414.0
2020-06-24T18:00:00,8.88e-06,9e-06,8.69e-06,8.83e-06,88914108.0
2020-06-25T18:00:00,8.83e-06,8.88e-06,8.7e-06,8.79e-06,66973415.0
2020-06-26T18:00:00,8.79e-06,8.84e-06,8.41e-06,8.59e-06,84317210.0
2020-06-27T18:00:00,8.58e-06,8.9e-06,8.5e-06,8.8e-06,67188993.0
2020-06-28T18:00:00,8.8e-06,9.17e-06,8.8e-06,9.14e-06,120253370.0
2020-06-29T18:00:00,9.13e-06,9.24e-06,8.98e-06,9.09e-06,66069426.0
2020-06-30T18:00:00,9.09e-06,1.052e-05,9.05e-06,1.049e-05,282526307.0
2020-07-01T18:00:00,1.049e-05,1.05e-05,9.77e-06,1.022e-05,292324774.0
2020-07-02T18:00:00,1.023e-05,1.12e-05,1.017e-05,1.066e-05,273024109.0
2020-07-03T18:00:00,1.066e-05,1.114e-05,1.06e-05,1.096e-05,179917884.0
2020-07-04T18:00:00,1.096e-05,1.096e-05,1.044e-05,1.082e-05,148326975.0
2020-07-05T18:00:00,1.082e-05,1.15e-05,1.051e-05,1.125e-05,200727905.0
2020-07-06T18:00:00,1.126e-05,1.287e-05,1.109e-05,1.271e-05,353979239.0
2020-07-07T18:00:00,1.27e-05,1.486e-05,1.243e-05,1.377e-05,717564882.0
2020-07-08T18:00:00,1.377e-05,1.377e-05,1.27e-05,1.342e-05,367273849.0
2020-07-09T18:00:00,1.344e-05,1.346e-05,1.202e-05,1.275e-05,319417475.0
2020-07-10T18:00:00,1.276e-05,1.38e-05,1.271e-05,1.356e-05,183394479.0
2020-07-11T18:00:00,1.355e-05,1.385e-05,1.308e-05,1.364e-05,160405735.0
2020-07-12T18:00:00,1.364e-05,1.464e-05,1.315e-05,1.345e-05,305084854.0
2020-07-13T18:00:00,1.345e-05,1.462e-05,1.317e-05,1.431e-05,222552436.0
2020-07-14T18:00:00,1.432e-05,1.437e-05,1.383e-05,1.421e-05,149457184.0
2020-07-15T18:00:00,1.421e-05,1.448e-05,1.295e-05,1.38e-05,235274154.0
2020-07-16T18:00:00,1.379e-05,1.387e-05,1.332e-05,1.335e-05,101125000.0
2020-07-17T18:00:00,1.335e-05,1.357e-05,1.296e-05,1.339e-05,104235255.0
2020-07-18T18:00:00,1.337e-05,1.363e-05,1.328e-05,1.347e-05,67978142.0
2020-07-19T18:00:00,1.347e-05,1.349e-05,1.259e-05,1.284e-05,85321961.0
2020-07-20T18:00:00,1.286e-05,1.335e-05,1.276e-05,1.313e-05,102559036.0
2020-07-21T18:00:00,1.313e-05,1.317e-05,1.288e-05,1.302e-05,75375444.0
2020-07-22T18:00:00,1.3e-05,1.328e-05,1.288e-05,1.294e-05,88310708.0
2020-07-23T18:00:00,1.294e-05,1.298e-05,1.261e-05,1.28e-05,75413380.0
2020-07-24T18:00:00,1.278e-05,1.504e-05,1.278e-05,1.48e-05,356195056.0
2020-07-25T18:00:00,1.48e-05,1.593e-05,1.417e-05,1.495e-05,444412298.0
2020-07-26T18:00:00,1.496e-05,1.506e-05,1.204e-05,1.257e-05,565861357.0
2020-07-27T18:00:00,1.256e-05,1.383e-05,1.21e-05,1.368e-05,377376615.0
2020-07-28T18:00:00,1.368e-05,1.371e-05,1.23e-05,1.259e-05,274067224.0
2020-07-29T18:00:00,1.259e-05,1.287e-05,1.245e-05,1.266e-05,119330043.0
2020-07-30T18:00:00,1.266e-05,1.275e-05,1.186e-05,1.224e-05,116248322.0
2020-07-31T18:00:00,1.224e-05,1.259e-05,1.176e-05,1.221e-05,157383961.0
2020-08-01T18:00:00,1.221e-05,1.256e-05,1.15e-05,1.209e-05,206537370.0
2020-08-02T18:00:00,1.209e-05,1.242e-05,1.191e-05,1.224e-05,91336443.0
2020-08-03T18:00:00,1.222e-05,1.32e-05,1.21e-05,1.281e-05,178428434.0
2020-08-04T18:00:00,1.281e-05,1.297e-05,1.206e-05,1.212e-05,116975893.0
2020-08-05T18:00:00,1.212e-05,1.23e-05,1.196e-05,1.228e-05,150892161.0
2020-08-06T18:00:00,1.229e-05,1.251e-05,1.16e-05,1.198e-05,121906853.0
2020-08-07T18:00:00,1.199e-05,1.257e-05,1.188e-05,1.249e-05,115770989.0
2020-08-08T18:00:00,1.249e-05,1.3e-05,1.23e-05,1.242e-05,138019841.0
2020-08-09T18:00:00,1.241e-05,1.252e-05,1.194e-05,1.209e-05,123038909.0
2020-08-10T18:00:00,1.209e-05,1.216e-05,1.179e-05,1.201e-05,105307227.0
2020-08-11T18:00:00,1.201e-05,1.202e-05,1.102e-05,1.183e-05,150281344.0
2020-08-12T18:00:00,1.182e-05,1.227e-05,1.162e-05,1.184e-05,128634613.0
2020-08-13T18:00:00,1.183e-05,1.204e-05,1.17e-05,1.176e-05,98218560.0
2020-08-14T18:00:00,1.176e-05,1.192e-05,1.141e-05,1.168e-05,97478621.0
2020-08-15T18:00:00,1.167e-05,1.175e-05,1.152e-05,1.165e-05,89446044.0
2020-08-16T18:00:00,1.166e-05,1.221e-05,1.125e-05,1.143e-05,188686100.0
2020-08-17T18:00:00,1.143e-05,1.167e-05,1.109e-05,1.147e-05,96178093.0
2020-08-18T18:00:00,1.146e-05,1.151e-05,1.087e-05,1.103e-05,108076236.0
2020-08-19T18:00:00,1.103e-05,1.136e-05,1.079e-05,1.132e-05,79696646.0
2020-08-20T18:00:00,1.132e-05,1.134e-05,1.055e-05,1.067e-05,102437613.0
2020-08-21T18:00:00,1.068e-05,1.088e-05,1.038e-05,1.073e-05,83995339.0
2020-08-22T18:00:00,1.074e-05,1.079e-05,1.036e-05,1.043e-05,67958512.0
2020-08-23T18:00:00,1.043e-05,1.079e-05,1.033e-05,1.052e-05,84350972.0
2020-08-24T18:00:00,1.052e-05,1.056e-05,9.34e-06,9.93e-06,229082061.0
2020-08-25T18:00:00,9.93e-06,1.03e-05,9.78e-06,9.98e-06,122089579.0
2020-08-26T18:00:00,9.98e-06,1.01e-05,9.15e-06,9.47e-06,166948662.0
2020-08-27T18:00:00,9.47e-06,9.7e-06,9.4e-06,9.49e-06,109346041.0
2020-08-28T18:00:00,9.48e-06,1.029e-05,9.42e-06,1.014e-05,91613636.0
2020-08-29T18:00:00,1.013e-05,1.032e-05,9.84e-06,1.002e-05,99759274.0
2020-08-30T18:00:00,1.002e-05,1.082e-05,9.75e-06,1.052e-05,162621465.0
2020-08-31T18:00:00,1.052e-05,1.069e-05,1.009e-05,1.044e-05,152084468.0
2020-09-01T18:00:00,1.044e-05,1.059e-05,9.85e-06,1.009e-05,130927727.0
2020-09-02T18:00:00,1.009e-05,1.023e-05,9.18e-06,9.32e-06,182797488.0
2020-09-03T18:00:00,9.32e-06,9.89e-06,9.01e-06,9.73e-06,207856561.0
2020-09-04T18:00:00,9.73e-06,9.88e-06,8.68e-06,8.85e-06,169772481.0
2020-09-05T18:00:00,8.85e-06,9.35e-06,8.53e-06,9.04e-06,169388789.0
2020-09-06T18:00:00,9.03e-06,9.16e-06,8.66e-06,9.02e-06,118801543.0
2020-09-07T18:00:00,9.02e-06,9.43e-06,8.82e-06,9e-06,113590458.0
2020-09-08T18:00:00,8.99e-06,9.31e-06,8.93e-06,9.13e-06,70900043.0
2020-09-09T18:00:00,9.13e-06,9.6e-06,9.12e-06,9.4e-06,105361065.0
2020-09-10T18:00:00,9.4e-06,9.42e-06,9.07e-06,9.33e-06,72843825.0
2020-09-11T18:00:00,9.33e-06,9.5e-06,9.19e-06,9.36e-06,48010992.0
2020-09-12T18:00:00,9.36e-06,9.47e-06,9.03e-06,9.2e-06,75249597.0
2020-09-13T18:00:00,9.2e-06,9.33e-06,8.92e-06,9.05e-06,52971729.0
2020-09-14T18:00:00,9.06e-06,9.1e-06,8.62e-06,8.64e-06,57235109.0
2020-09-15T18:00:00,8.63e-06,8.65e-06,8.15e-06,8.36e-06,101090517.0
2020-09-16T18:00:00,8.36e-06,8.66e-06,8.31e-06,8.6e-06,66347572.0
2020-09-17T18:00:00,8.59e-06,8.59e-06,8.23e-06,8.32e-06,56037276.0
2020-09-18T18:00:00,8.31e-06,8.43e-06,8.24e-06,8.25e-06,38198040.0
2020-09-19T18:00:00,8.25e-06,8.41e-06,8.11e-06,8.18e-06,48863754.0
2020-09-20T18:00:00,8.18e-06,8.24e-06,7.47e-06,7.66e-06,109322493.0
2020-09-21T18:00:00,7.67e-06,7.95e-06,7.63e-06,7.73e-06,57899451.0
2020-09-22T18:00:00,7.74e-06,7.87e-06,7.43e-06,7.48e-06,60608583.0
2020-09-23T18:00:00,7.48e-06,7.87e-06,7.4e-06,7.69e-06,77002647.0
2020-09-24T18:00:00,7.69e-06,9.25e-06,7.69e-06,9.07e-06,213928945.0
2020-09-25T18:00:00,9.07e-06,9.34e-06,8.65e-06,8.89e-06,91596637.0
2020-09-26T18:00:00,8.9e-06,9.57e-06,8.87e-06,9.39e-06,105767065.0
2020-09-27T18:00:00,9.4e-06,9.82e-06,9.3e-06,9.38e-06,104202628.0
2020-09-28T18:00:00,9.37e-06,9.65e-06,9.14e-06,9.33e-06,63765433.0
2020-09-29T18:00:00,9.34e-06,9.45e-06,9.04e-06,9.4e-06,46444318.0
2020-09-30T18:00:00,9.4e-06,9.67e-06,9.06e-06,9.23e-06,65240454.0
2020-10-01T18:00:00,9.23e-06,9.42e-06,8.59e-06,8.79e-06,86227365.0
2020-10-02T18:00:00,8.79e-06,9.04e-06,8.75e-06,8.85e-06,27060604.0
2020-10-03T18:00:00,8.86e-06,9.18e-06,8.74e-06,9.08e-06,40946960.0
2020-10-04T18:00:00,9.08e-06,9.3e-06,8.95e-06,9.03e-06,48979907.0
2020-10-05T18:00:00,9.03e-06,9.16e-06,8.62e-06,8.76e-06,64444246.0
2020-10-06T18:00:00,8.76e-06,8.88e-06,8.46e-06,8.79e-06,35867635.0
2020-10-07T18:00:00,8.78e-06,8.91e-06,8.48e-06,8.81e-06,53674225.0
2020-10-08T18:00:00,8.82e-06,9.28e-06,8.73e-06,9.16e-06,57438423.0
2020-10-09T18:00:00,9.17e-06,9.78e-06,9.16e-06,9.3e-06,137782137.0
2020-10-10T18:00:00,9.29e-06,9.56e-06,9.19e-06,9.38e-06,70546105.0
2020-10-11T18:00:00,9.38e-06,9.73e-06,9.08e-06,9.49e-06,81102210.0
2020-10-12T18:00:00,9.5e-06,9.94e-06,9.41e-06,9.57e-06,87994603.0
2020-10-13T18:00:00,9.57e-06,9.76e-06,9.3e-06,9.37e-06,68849663.0
2020-10-14T18:00:00,9.37e-06,9.46e-06,9.22e-06,9.27e-06,45392051.0
2020-10-15T18:00:00,9.27e-06,9.31e-06,9.05e-06,9.21e-06,47415287.0
2020-10-16T18:00:00,9.2e-06,9.45e-06,9.15e-06,9.32e-06,32475880.0
2020-10-17T18:00:00,9.33e-06,9.38e-06,9.23e-06,9.34e-06,21231766.0
2020-10-18T18:00:00,9.33e-06,9.46e-06,9.18e-06,9.23e-06,51604275.0
2020-10-19T18:00:00,9.23e-06,9.28e-06,8.43e-06,8.59e-06,95407917.0
2020-10-20T18:00:00,8.59e-06,9.4e-06,8.08e-06,8.28e-06,112815792.0
2020-10-21T18:00:00,8.28e-06,8.59e-06,8.23e-06,8.54e-06,76689488.0
2020-10-22T18:00:00,8.53e-06,8.66e-06,8.23e-06,8.36e-06,69172658.0
2020-10-23T18:00:00,8.36e-06,8.47e-06,8.21e-06,8.23e-06,35779169.0
2020-10-24T18:00:00,8.23e-06,8.37e-06,8.09e-06,8.16e-06,36358319.0
2020-10-25T18:00:00,8.16e-06,8.22e-06,7.73e-06,7.89e-06,57599923.0
2020-10-26T18:00:00,7.9e-06,8.03e-06,7.42e-06,7.52e-06,68804945.0
2020-10-27T18:00:00,7.52e-06,7.55e-06,7.13e-06,7.44e-06,66623793.0
2020-10-28T18:00:00,7.45e-06,7.61e-06,7.06e-06,7.08e-06,74646212.0
2020-10-29T18:00:00,7.08e-06,7.09e-06,6.77e-06,6.89e-06,79641328.0
2020-10-30T18:00:00,6.87e-06,6.96e-06,6.68e-06,6.73e-06,46295709.0
2020-10-31T18:00:00,6.75e-06,7.15e-06,6.72e-06,7.14e-06,52464152.0
2020-11-01T17:00:00,7.14e-06,7.25e-06,6.78e-06,6.81e-06,61989681.0
2020-11-02T17:00:00,6.8e-06,6.86e-06,6.6e-06,6.68e-06,55896201.0
2020-11-03T17:00:00,6.68e-06,6.94e-06,6.59e-06,6.75e-06,89350626.0
2020-11-04T17:00:00,6.76e-06,6.81e-06,6.16e-06,6.25e-06,104452650.0
2020-11-05T17:00:00,6.26e-06,7.1e-06,6.19e-06,7.01e-06,164401823.0
2020-11-06T17:00:00,7.01e-06,7.3e-06,6.71e-06,6.83e-06,140908212.0
2020-11-07T17:00:00,6.83e-06,7.09e-06,6.77e-06,6.88e-06,57946756.0
2020-11-08T17:00:00,6.88e-06,6.99e-06,6.71e-06,6.89e-06,67846268.0
2020-11-09T17:00:00,6.89e-06,7.09e-06,6.84e-06,6.92e-06,62606096.0
2020-11-10T17:00:00,6.92e-06,7.04e-06,6.68e-06,6.75e-06,69526490.0
2020-11-11T17:00:00,6.75e-06,6.81e-06,6.39e-06,6.42e-06,70591672.0
2020-11-12T17:00:00,6.42e-06,6.64e-06,6.39e-06,6.52e-06,54555253.0
2020-11-13T17:00:00,6.52e-06,6.62e-06,6.41e-06,6.47e-06,38339341.0
2020-11-14T17:00:00,6.48e-06,6.56e-06,6.23e-06,6.29e-06,35617282.0
2020-11-15T17:00:00,6.3e-06,6.42e-06,6.16e-06,6.22e-06,45230406.0
2020-11-16T17:00:00,6.21e-06,6.65e-06,6.13e-06,6.2e-06,121483618.0
2020-11-17T17:00:00,6.2e-06,6.29e-06,5.83e-06,5.99e-06,99114662.0
2020-11-18T17:00:00,6e-06,6.07e-06,5.85e-06,5.95e-06,62337094.0
2020-11-19T17:00:00,5.96e-06,6.4e-06,5.83e-06,6.34e-06,119811699.0
2020-11-20T17:00:00,6.34e-06,7.19e-06,6.28e-06,7.13e-06,194102515.0
2020-11-21T17:00:00,7.14e-06,8.26e-06,6.56e-06,7.92e-06,495605035.0
2020-11-22T17:00:00,7.93e-06,8.55e-06,7.78e-06,8.41e-06,328348552.0
2020-11-23T17:00:00,8.41e-06,9.95e-06,8.08e-06,8.73e-06,584739383.0
2020-11-24T17:00:00,8.73e-06,9.1e-06,7.92e-06,8.28e-06,289726661.0
2020-11-25T17:00:00,8.27e-06,8.52e-06,6.87e-06,8.07e-06,421702962.0
2020-11-26T17:00:00,8.07e-06,8.35e-06,7.8e-06,8.27e-06,121576249.0
2020-11-27T17:00:00,8.27e-06,9.9e-06,8.2e-06,9.31e-06,280227309.0
2020-11-28T17:00:00,9.31e-06,9.49e-06,8.86e-06,9.16e-06,144861249.0
2020-11-29T17:00:00,9.17e-06,9.46e-06,8.45e-06,8.74e-06,190959938.0
2020-11-30T17:00:00,8.74e-06,8.88e-06,7.58e-06,8.29e-06,211690540.0
2020-12-01T17:00:00,8.3e-06,8.41e-06,8.08e-06,8.26e-06,86655220.0
2020-12-02T17:00:00,8.26e-06,8.69e-06,8.18e-06,8.45e-06,99546811.0
2020-12-03T17:00:00,8.45e-06,8.47e-06,7.84e-06,7.93e-06,105880150.0
2020-12-04T17:00:00,7.92e-06,8.49e-06,7.87e-06,8.34e-06,61087250.0
2020-12-05T17:00:00,8.35e-06,8.46e-06,8.1e-06,8.19e-06,55401105.0
2020-12-06T17:00:00,8.2e-06,8.2e-06,7.99e-06,8.04e-06,48768352.0
2020-12-07T17:00:00,8.04e-06,8.06e-06,7.55e-06,7.7e-06,94807721.0
2020-12-08T17:00:00,7.71e-06,8.14e-06,7.36e-06,7.98e-06,119987966.0
2020-12-09T17:00:00,7.98e-06,8.03e-06,7.69e-06,7.77e-06,58734042.0
2020-12-10T17:00:00,7.78e-06,7.87e-06,7.64e-06,7.72e-06,67366019.0
2020-12-11T17:00:00,7.72e-06,8.02e-06,7.66e-06,7.68e-06,55568131.0
2020-12-12T17:00:00,7.67e-06,8.09e-06,7.62e-06,8.03e-06,63643238.0
2020-12-13T17:00:00,8.04e-06,8.24e-06,7.84e-06,8.24e-06,61474031.0
2020-12-14T17:00:00,8.24e-06,8.31e-06,7.91e-06,7.92e-06,58924353.0
2020-12-15T17:00:00,7.92e-06,8.02e-06,7.56e-06,7.88e-06,97386706.0
2020-12-16T17:00:00,7.87e-06,8e-06,7e-06,7.16e-06,164866681.0
2020-12-17T17:00:00,7.16e-06,7.31e-06,7.02e-06,7.14e-06,71673474.0
2020-12-18T17:00:00,7.14e-06,7.38e-06,6.87e-06,6.9e-06,78824366.0
2020-12-19T17:00:00,6.9e-06,7.12e-06,6.76e-06,6.91e-06,73284654.0
2020-12-20T17:00:00,6.9e-06,6.96e-06,6.62e-06,6.73e-06,82986998.0
2020-12-21T17:00:00,6.73e-06,6.98e-06,6.54e-06,6.57e-06,81545048.0
2020-12-22T17:00:00,6.57e-06,6.66e-06,5.55e-06,5.88e-06,158358136.0
2020-12-23T17:00:00,5.87e-06,6.58e-06,5.73e-06,6.44e-06,136135454.0
2020-12-24T17:00:00,6.45e-06,6.9e-06,6.25e-06,6.37e-06,124989552.0
2020-12-25T17:00:00,6.38e-06,6.39e-06,5.92e-06,5.98e-06,130821419.0
2020-12-26T17:00:00,5.97e-06,6.15e-06,5.46e-06,5.89e-06,212914966.0
2020-12-27T17:00:00,5.89e-06,6.75e-06,5.79e-06,6.52e-06,195496989.0
2020-12-28T17:00:00,6.5e-06,7.33e-06,6.5e-06,6.97e-06,318839185.0
2020-12-29T17:00:00,6.96e-06,7.05e-06,6.19e-06,6.36e-06,194177568.0
2020-12-30T17:00:00,6.37e-06,6.4e-06,6.11e-06,6.27e-06,94180779.0
2020-12-31T17:00:00,6.28e-06,6.32e-06,5.86e-06,5.97e-06,100165125.0
2021-01-01T17:00:00,5.97e-06,6.02e-06,5.41e-06,5.52e-06,193058318.0
2021-01-02T17:00:00,5.51e-06,6.3e-06,5.03e-06,6.25e-06,257360387.0
2021-01-03T17:00:00,6.25e-06,7.26e-06,6.24e-06,7.04e-06,345934420.0
2021-01-04T17:00:00,7.04e-06,7.91e-06,6.67e-06,7.62e-06,369857420.0
2021-01-05T17:00:00,7.63e-06,9.93e-06,7.42e-06,9.06e-06,747529494.0
2021-01-06T17:00:00,9.06e-06,9.61e-06,7.35e-06,7.58e-06,460189266.0
2021-01-07T17:00:00,7.58e-06,8.2e-06,7.1e-06,7.49e-06,336265419.0
2021-01-08T17:00:00,7.48e-06,8.37e-06,7.47e-06,8.25e-06,221926736.0
2021-01-09T17:00:00,8.25e-06,8.39e-06,7.69e-06,7.9e-06,234284886.0
2021-01-10T17:00:00,7.9e-06,8.05e-06,7.48e-06,7.77e-06,296537684.0
2021-01-11T17:00:00,7.77e-06,8.67e-06,7.65e-06,8.49e-06,234407603.0
2021-01-12T17:00:00,8.49e-06,8.7e-06,8.21e-06,8.35e-06,197537082.0
2021-01-13T17:00:00,8.36e-06,8.42e-06,7.75e-06,7.97e-06,167388191.0
2021-01-14T17:00:00,7.98e-06,8.54e-06,7.85e-06,8.22e-06,186574095.0
2021-01-15T17:00:00,8.22e-06,9.8e-06,8.18e-06,9.74e-06,380844436.0
2021-01-16T17:00:00,9.73e-06,1.088e-05,9.58e-06,1.063e-05,420797930.0
2021-01-17T17:00:00,1.063e-05,1.108e-05,9.9e-06,1.014e-05,206301968.0
2021-01-18T17:00:00,1.012e-05,1.035e-05,9.86e-06,1.023e-05,172341705.0
2021-01-19T17:00:00,1.023e-05,1.067e-05,9.69e-06,1.058e-05,142386136.0
2021-01-20T17:00:00,1.059e-05,1.079e-05,9.95e-06,9.98e-06,224999416.0
2021-01-21T17:00:00,9.98e-06,1.091e-05,9.5e-06,1.059e-05,217191054.0
2021-01-22T17:00:00,1.058e-05,1.097e-05,1.055e-05,1.078e-05,93883953.0
2021-01-23T17:00:00,1.078e-05,1.127e-05,1.061e-05,1.096e-05,133213533.0
2021-01-24T17:00:00,1.095e-05,1.109e-05,1.031e-05,1.064e-05,112477629.0
2021-01-25T17:00:00,1.064e-05,1.083e-05,1.048e-05,1.057e-05,73067451.0
2021-01-26T17:00:00,1.056e-05,1.06e-05,1.016e-05,1.026e-05,89751450.0
2021-01-27T17:00:00,1.025e-05,1.108e-05,1.016e-05,1.032e-05,118107607.0
2021-01-28T17:00:00,1.031e-05,1.086e-05,9.43e-06,1.015e-05,251326285.0
2021-01-29T17:00:00,1.015e-05,1.11e-05,9.92e-06,1.063e-05,173273595.0
2021-01-30T17:00:00,1.061e-05,1.106e-05,1.034e-05,1.041e-05,115288313.0
2021-01-31T17:00:00,1.042e-05,1.259e-05,1.018e-05,1.219e-05,306019644.0
2021-02-01T17:00:00,1.22e-05,1.307e-05,1.154e-05,1.198e-05,476803661.0
2021-02-02T17:00:00,1.198e-05,1.217e-05,1.139e-05,1.174e-05,169772874.0
2021-02-03T17:00:00,1.175e-05,1.209e-05,1.105e-05,1.188e-05,173722434.0
2021-02-04T17:00:00,1.19e-05,1.484e-05,1.184e-05,1.401e-05,456748381.0
2021-02-05T17:00:00,1.408e-05,1.676e-05,1.316e-05,1.617e-05,479408256.0
2021-02-06T17:00:00,1.618e-05,1.8e-05,1.553e-05,1.705e-05,628715501.0
2021-02-07T17:00:00,1.704e-05,1.782e-05,1.38e-05,1.461e-05,415647853.0
2021-02-08T17:00:00,1.46e-05,1.529e-05,1.405e-05,1.52e-05,286700107.0
2021-02-09T17:00:00,1.52e-05,2.107e-05,1.518e-05,2.098e-05,620339183.0
2021-02-10T17:00:00,2.097e-05,2.11e-05,1.86e-05,1.933e-05,379007474.0
2021-02-11T17:00:00,1.935e-05,1.98e-05,1.843e-05,1.953e-05,233748727.0
2021-02-12T17:00:00,1.954e-05,1.999e-05,1.76e-05,1.935e-05,197556604.0
2021-02-13T17:00:00,1.935e-05,1.948e-05,1.664e-05,1.735e-05,238839590.0
2021-02-14T17:00:00,1.735e-05,1.873e-05,1.486e-05,1.796e-05,301523916.0
2021-02-15T17:00:00,1.797e-05,1.864e-05,1.732e-05,1.771e-05,195512360.0
2021-02-16T17:00:00,1.771e-05,1.774e-05,1.631e-05,1.712e-05,164533393.0
2021-02-17T17:00:00,1.711e-05,1.847e-05,1.705e-05,1.774e-05,209234302.0
2021-02-18T17:00:00,1.775e-05,1.805e-05,1.656e-05,1.656e-05,173853726.0
2021-02-19T17:00:00,1.656e-05,2.145e-05,1.639e-05,1.996e-05,526928735.0
2021-02-20T17:00:00,1.998e-05,2.034e-05,1.857e-05,1.915e-05,225216757.0
2021-02-21T17:00:00,1.914e-05,2.095e-05,1.705e-05,2.027e-05,337318931.0
2021-02-22T17:00:00,2.03e-05,2.12e-05,1.8e-05,1.966e-05,411887436.0
2021-02-23T17:00:00,1.968e-05,2.145e-05,1.907e-05,2.11e-05,239411129.0
2021-02-24T17:00:00,2.11e-05,2.337e-05,2.029e-05,2.285e-05,256206461.0
2021-02-25T17:00:00,2.286e-05,2.751e-05,2.207e-05,2.686e-05,472075149.0
2021-02-26T17:00:00,2.686e-05,3.198e-05,2.589e-05,2.85e-05,603431563.0
2021-02-27T17:00:00,2.852e-05,3e-05,2.6e-05,2.909e-05,373290851.0
2021-02-28T17:00:00,2.909e-05,2.918e-05,2.566e-05,2.615e-05,279697594.0
2021-03-01T17:00:00,2.614e-05,2.617e-05,2.404e-05,2.524e-05,193442652.0
2021-03-02T17:00:00,2.524e-05,2.544e-05,2.389e-05,2.408e-05,120659601.0
2021-03-03T17:00:00,2.409e-05,2.449e-05,2.238e-05,2.3e-05,180676795.0
2021-03-04T17:00:00,2.3e-05,2.468e-05,2.203e-05,2.378e-05,193929299.0
2021-03-05T17:00:00,2.377e-05,2.41e-05,2.218e-05,2.31e-05,76697149.0
2021-03-06T17:00:00,2.31e-05,2.313e-05,2.201e-05,2.217e-05,84515578.0
2021-03-07T17:00:00,2.217e-05,2.287e-05,2.135e-05,2.135e-05,107504988.0
2021-03-08T17:00:00,2.135e-05,2.259e-05,2.081e-05,2.181e-05,178416024.0
2021-03-09T17:00:00,2.182e-05,2.189e-05,2.002e-05,2.028e-05,129571908.0
2021-03-10T17:00:00,2.028e-05,2.061e-05,1.916e-05,1.947e-05,95905244.0
2021-03-11T17:00:00,1.945e-05,1.977e-05,1.797e-05,1.805e-05,118441112.0
2021-03-12T17:00:00,1.805e-05,1.979e-05,1.756e-05,1.799e-05,156805183.0
2021-03-13T17:00:00,1.798e-05,1.817e-05,1.754e-05,1.786e-05,72000392.0
2021-03-14T18:00:00,1.785e-05,1.867e-05,1.745e-05,1.853e-05,109290670.0
2021-03-15T18:00:00,1.854e-05,2.326e-05,1.844e-05,2.197e-05,365027183.0
2021-03-16T18:00:00,2.197e-05,2.479e-05,2.132e-05,2.338e-05,321561136.0
2021-03-17T18:00:00,2.339e-05,2.52e-05,2.092e-05,2.134e-05,420396321.0
2021-03-18T18:00:00,2.133e-05,2.298e-05,2.092e-05,2.232e-05,181405787.0
2021-03-19T18:00:00,2.232e-05,2.238e-05,2.063e-05,2.066e-05,101426300.0
2021-03-20T18:00:00,2.066e-05,2.151e-05,2.041e-05,2.068e-05,69943004.0
2021-03-21T18:00:00,2.067e-05,2.095e-05,1.967e-05,2.037e-05,108087724.0
2021-03-22T18:00:00,2.037e-05,2.126e-05,2.027e-05,2.053e-05,85446881.0
2021-03-23T18:00:00,2.053e-05,2.068e-05,2.001e-05,2.042e-05,87657099.0
2021-03-24T18:00:00,2.043e-05,2.232e-05,2.024e-05,2.136e-05,135523196.0
2021-03-25T18:00:00,2.136e-05,2.439e-05,2.109e-05,2.205e-05,278138517.0
2021-03-26T18:00:00,2.206e-05,2.235e-05,2.096e-05,2.108e-05,63416584.0
2021-03-27T18:00:00,2.108e-05,2.171e-05,2.095e-05,2.133e-05,58328326.0
2021-03-28T18:00:00,2.134e-05,2.186e-05,2.069e-05,2.086e-05,67944474.0
2021-03-29T18:00:00,2.087e-05,2.099e-05,2.05e-05,2.062e-05,55639005.0
2021-03-30T18:00:00,2.063e-05,2.064e-05,1.985e-05,2.028e-05,72589151.0
2021-03-31T18:00:00,2.028e-05,2.04e-05,2.006e-05,2.014e-05,57125028.0
2021-04-01T18:00:00,2.016e-05,2.091e-05,1.986e-05,2.019e-05,69734934.0
2021-04-02T18:00:00,2.018e-05,2.09e-05,2.016e-05,2.037e-05,72662903.0
2021-04-03T18:00:00,2.038e-05,2.062e-05,2.022e-05,2.031e-05,49100126.0
2021-04-04T18:00:00,2.031e-05,2.084e-05,2.021e-05,2.049e-05,81132615.0
2021-04-05T18:00:00,2.05e-05,2.295e-05,2.019e-05,2.159e-05,196918051.0
2021-04-06T18:00:00,2.159e-05,2.225e-05,2.076e-05,2.097e-05,88145804.0
2021-04-07T18:00:00,2.097e-05,2.13e-05,2.086e-05,2.1e-05,53471673.0
2021-04-08T18:00:00,2.1e-05,2.109e-05,2.057e-05,2.069e-05,37412474.0
2021-04-09T18:00:00,2.069e-05,2.069e-05,1.995e-05,2.036e-05,77231579.0
2021-04-10T18:00:00,2.038e-05,2.158e-05,2.002e-05,2.106e-05,108874626.0
2021-04-11T18:00:00,2.107e-05,2.241e-05,2.1e-05,2.196e-05,150195478.0
2021-04-12T18:00:00,2.197e-05,2.274e-05,2.069e-05,2.222e-05,173537988.0
2021-04-13T18:00:00,2.222e-05,2.42e-05,2.152e-05,2.306e-05,246277469.0
2021-04-14T18:00:00,2.306e-05,2.383e-05,2.257e-05,2.341e-05,92222040.0
2021-04-15T18:00:00,2.341e-05,2.394e-05,2.211e-05,2.301e-05,134949810.0
2021-04-16T18:00:00,2.298e-05,2.349e-05,2.253e-05,2.28e-05,62035988.0
2021-04-17T18:00:00,2.281e-05,2.3e-05,2.022e-05,2.274e-05,159418034.0
2021-04-18T18:00:00,2.274e-05,2.32e-05,2.143e-05,2.147e-05,80555330.0
2021-04-19T18:00:00,2.148e-05,2.253e-05,2.076e-05,2.245e-05,80970338.0
2021-04-20T18:00:00,2.245e-05,2.302e-05,2.208e-05,2.237e-05,70292728.0
2021-04-21T18:00:00,2.238e-05,2.329e-05,2.195e-05,2.213e-05,100352643.0
2021-04-22T18:00:00,2.214e-05,2.287e-05,1.876e-05,2.265e-05,183829349.0
2021-04-23T18:00:00,2.266e-05,2.389e-05,2.2e-05,2.205e-05,73556369.0
2021-04-24T18:00:00,2.204e-05,2.277e-05,2.165e-05,2.223e-05,44967549.0
2021-04-25T18:00:00,2.223e-05,2.333e-05,2.208e-05,2.292e-05,61939839.0
2021-04-26T18:00:00,2.292e-05,2.425e-05,2.285e-05,2.375e-05,73216282.0
2021-04-27T18:00:00,2.375e-05,2.449e-05,2.289e-05,2.438e-05,68732680.0
2021-04-28T18:00:00,2.438e-05,2.59e-05,2.387e-05,2.438e-05,108165424.0
2021-04-29T18:00:00,2.439e-05,2.525e-05,2.326e-05,2.344e-05,72361518.0
2021-04-30T18:00:00,2.344e-05,2.36e-05,2.294e-05,2.338e-05,40334781.0
2021-05-01T18:00:00,2.339e-05,2.375e-05,2.3e-05,2.345e-05,36113196.0
2021-05-02T18:00:00,2.344e-05,2.385e-05,2.3e-05,2.383e-05,55693776.0
2021-05-03T18:00:00,2.383e-05,2.409e-05,2.312e-05,2.388e-05,69621094.0
2021-05-04T18:00:00,2.388e-05,2.626e-05,2.365e-05,2.578e-05,130533673.0
2021-05-05T18:00:00,2.578e-05,3.018e-05,2.526e-05,2.926e-05,251630191.0
2021-05-06T18:00:00,2.927e-05,3.086e-05,2.76e-05,2.884e-05,168355572.0
2021-05-07T18:00:00,2.883e-05,2.886e-05,2.679e-05,2.754e-05,84512826.0
2021-05-08T18:00:00,2.754e-05,3.192e-05,2.714e-05,3.033e-05,224134974.0
2021-05-09T18:00:00,3.033e-05,3.099e-05,2.83e-05,2.942e-05,141304022.0
2021-05-10T18:00:00,2.941e-05,3.175e-05,2.904e-05,3.11e-05,97238312.0
2021-05-11T18:00:00,3.113e-05,3.2e-05,3.05e-05,3.163e-05,117166326.0
2021-05-12T18:00:00,3.16e-05,3.964e-05,3.136e-05,3.882e-05,340220851.0
2021-05-13T18:00:00,3.881e-05,4.093e-05,3.67e-05,4.028e-05,148727505.0
2021-05-14T18:00:00,4.028e-05,4.85e-05,3.978e-05,4.653e-05,305695131.0
2021-05-15T18:00:00,4.651e-05,5.049e-05,4.518e-05,4.955e-05,227967737.0
2021-05-16T18:00:00,4.956e-05,5e-05,4.517e-05,4.664e-05,172989107.0
2021-05-17T18:00:00,4.665e-05,4.786e-05,4.528e-05,4.675e-05,92607578.0
2021-05-18T18:00:00,4.675e-05,4.691e-05,3.097e-05,4e-05,404183307.0
2021-05-19T18:00:00,4.002e-05,4.65e-05,3.773e-05,4.441e-05,190363898.0
2021-05-20T18:00:00,4.443e-05,4.479e-05,3.936e-05,4.156e-05,147535772.0
2021-05-21T18:00:00,4.157e-05,4.214e-05,3.813e-05,3.908e-05,100401828.0
2021-05-22T18:00:00,3.909e-05,4.037e-05,3.354e-05,3.786e-05,202057001.0
2021-05-23T18:00:00,3.791e-05,4.061e-05,3.589e-05,3.998e-05,151384321.0
2021-05-24T18:00:00,3.994e-05,4.15e-05,3.901e-05,4.049e-05,99216021.0
2021-05-25T18:00:00,4.051e-05,4.554e-05,4.05e-05,4.532e-05,131851327.0
2021-05-26T18:00:00,4.532e-05,4.568e-05,4.25e-05,4.297e-05,65276705.0
2021-05-27T18:00:00,4.297e-05,4.391e-05,4.112e-05,4.241e-05,95591685.0
2021-05-28T18:00:00,4.244e-05,4.316e-05,3.942e-05,4.055e-05,64770336.0
2021-05-29T18:00:00,4.057e-05,4.66e-05,4.016e-05,4.421e-05,108042540.0
2021-05-30T18:00:00,4.421e-05,4.7e-05,4.398e-05,4.662e-05,60088768.0
2021-05-31T18:00:00,4.663e-05,4.857e-05,4.583e-05,4.734e-05,70104943.0
2021-06-01T18:00:00,4.733e-05,4.895e-05,4.558e-05,4.668e-05,66857587.0
2021-06-02T18:00:00,4.667e-05,4.798e-05,4.59e-05,4.703e-05,55154617.0
2021-06-03T18:00:00,4.703e-05,4.722e-05,4.418e-05,4.638e-05,72810379.0
2021-06-04T18:00:00,4.638e-05,4.734e-05,4.618e-05,4.663e-05,42023542.0
2021-06-05T18:00:00,4.663e-05,4.707e-05,4.619e-05,4.684e-05,22244540.0
2021-06-06T18:00:00,4.685e-05,4.763e-05,4.633e-05,4.663e-05,38099703.0
2021-06-07T18:00:00,4.665e-05,4.747e-05,4.503e-05,4.74e-05,67027980.0
2021-06-08T18:00:00,4.74e-05,4.754e-05,4.317e-05,4.355e-05,51067305.0
2021-06-09T18:00:00,4.355e-05,4.364e-05,4.13e-05,4.178e-05,43693451.0
2021-06-10T18:00:00,4.178e-05,4.185e-05,3.839e-05,3.85e-05,47544903.0
2021-06-11T18:00:00,3.848e-05,4.168e-05,3.804e-05,4.161e-05,48075899.0
2021-06-12T18:00:00,4.161e-05,4.2e-05,3.896e-05,3.989e-05,38632773.0
2021-06-13T18:00:00,3.989e-05,4.012e-05,3.83e-05,3.889e-05,36426555.0
2021-06-14T18:00:00,3.891e-05,3.997e-05,3.834e-05,3.874e-05,27006100.0
2021-06-15T18:00:00,3.874e-05,3.926e-05,3.841e-05,3.873e-05,19465763.0
2021-06-16T18:00:00,3.872e-05,3.948e-05,3.84e-05,3.892e-05,19573879.0
2021-06-17T18:00:00,3.893e-05,3.971e-05,3.85e-05,3.955e-05,24063815.0
2021-06-18T18:00:00,3.955e-05,4.039e-05,3.9e-05,3.901e-05,19333085.0
2021-06-19T18:00:00,3.901e-05,4.089e-05,3.886e-05,4.006e-05,32724919.0
2021-06-20T18:00:00,4.006e-05,4.067e-05,3.702e-05,3.712e-05,67246401.0
2021-06-21T18:00:00,3.713e-05,3.825e-05,3.44e-05,3.555e-05,114495885.0
2021-06-22T18:00:00,3.556e-05,3.782e-05,3.482e-05,3.715e-05,55883115.0
2021-06-23T18:00:00,3.715e-05,4.106e-05,3.671e-05,3.924e-05,68199439.0
2021-06-24T18:00:00,3.922e-05,4.13e-05,3.851e-05,3.966e-05,74988938.0
2021-06-25T18:00:00,3.966e-05,4.003e-05,3.875e-05,3.88e-05,32322526.0
2021-06-26T18:00:00,3.879e-05,3.971e-05,3.771e-05,3.856e-05,31693499.0
2021-06-27T18:00:00,3.856e-05,3.897e-05,3.804e-05,3.844e-05,34630229.0
2021-06-28T18:00:00,3.845e-05,3.94e-05,3.793e-05,3.825e-05,37633658.0
2021-06-29T18:00:00,3.824e-05,4.016e-05,3.753e-05,3.953e-05,32342801.0
2021-06-30T18:00:00,3.953e-05,4.023e-05,3.692e-05,3.973e-05,30457700.0
2021-07-01T18:00:00,3.973e-05,4.157e-05,3.907e-05,4.128e-05,37321046.0
2021-07-02T18:00:00,4.128e-05,4.169e-05,4.024e-05,4.052e-05,22969778.0
2021-07-03T18:00:00,4.052e-05,4.166e-05,4.012e-05,4.141e-05,20710013.0
2021-07-04T18:00:00,4.141e-05,4.2e-05,4.109e-05,4.166e-05,32226641.0
2021-07-05T18:00:00,4.167e-05,4.208e-05,4.124e-05,4.137e-05,20779429.0
2021-07-06T18:00:00,4.137e-05,4.158e-05,4.079e-05,4.146e-05,18923481.0
2021-07-07T18:00:00,4.147e-05,4.206e-05,4.037e-05,4.037e-05,28777134.0
2021-07-08T18:00:00,4.037e-05,4.097e-05,3.976e-05,3.994e-05,19838070.0
2021-07-09T18:00:00,3.994e-05,4.004e-05,3.918e-05,3.987e-05,13090483.0
2021-07-10T18:00:00,3.987e-05,4.004e-05,3.921e-05,3.937e-05,9244794.0
2021-07-11T18:00:00,3.936e-05,4.068e-05,3.6e-05,3.967e-05,46928464.0
2021-07-12T18:00:00,3.968e-05,3.98e-05,3.855e-05,3.866e-05,26119261.0
2021-07-13T18:00:00,3.866e-05,3.926e-05,3.76e-05,3.849e-05,32833393.0
2021-07-14T18:00:00,3.849e-05,3.905e-05,3.798e-05,3.847e-05,25146145.0
2021-07-15T18:00:00,3.847e-05,3.889e-05,3.71e-05,3.731e-05,28032563.0
2021-07-16T18:00:00,3.731e-05,3.761e-05,3.67e-05,3.719e-05,22155195.0
2021-07-17T18:00:00,3.719e-05,3.796e-05,3.714e-05,3.716e-05,18825943.0
